﻿<?xml version="1.0" encoding="utf-8"?>
<ContentNodes>
  <Content Key="6a4fd592-ab56-4dcd-94d0-c0b6ed66fee8" Id="1143" Name="Variant Test" Level="1" AvailableCultures="en-gb,cy-gb">
    <Info>
      <Parent Key="00000000-0000-0000-0000-000000000000"></Parent>
      <Trashed>false</Trashed>
      <ContentType>migratorVariantTest</ContentType>
      <CreateDate>2023-04-03T15:24:07</CreateDate>
      <NodeName Default="Variant Test">
        <Name Culture="cy-gb">Prawf Amrywiad</Name>
        <Name Culture="en-gb">Variant Test</Name>
      </NodeName>
      <SortOrder>6</SortOrder>
      <Published Default="true">
        <Published Culture="cy-gb">true</Published>
        <Published Culture="en-gb">true</Published>
      </Published>
      <Schedule />
      <Template />
      <PublicAccess />
    </Info>
    <Properties>
      <emptyValue PropertyEditorAlias="Umbraco.TextBox">
        <Value><![CDATA[]]></Value>
      </emptyValue>
      <noVaryByCulture PropertyEditorAlias="Umbraco.TextBox">
        <Value><![CDATA[I don't vary by culture... :(]]></Value>
      </noVaryByCulture>
      <onlyCY PropertyEditorAlias="Umbraco.TextBox">
        <Value Culture="cy-gb"><![CDATA[Rwy dim ond cael gwerth mewn CY]]></Value>
      </onlyCY>
      <onlyEN PropertyEditorAlias="Umbraco.TextBox">
        <Value Culture="en-gb"><![CDATA[I only have a value in EN]]></Value>
      </onlyEN>
      <textstring PropertyEditorAlias="Umbraco.TextBox">
        <Value Culture="cy-gb"><![CDATA[Prawf]]></Value>
        <Value Culture="en-gb"><![CDATA[Test]]></Value>
      </textstring>
    </Properties>
  </Content>
</ContentNodes>