﻿<?xml version="1.0" encoding="utf-8"?>
<ContentNodes>
  <Content Key="dcf18a51-6919-4cf8-89d1-36b94ce4d963" Id="1093" Name="Home" Level="1" AvailableCultures="en-GB">
    <Info>
      <Parent Key="00000000-0000-0000-0000-000000000000"></Parent>
      <Trashed>false</Trashed>
      <ContentType>home</ContentType>
      <CreateDate>2023-01-05T13:32:02</CreateDate>
      <NodeName Default="Home" />
      <SortOrder>0</SortOrder>
      <Published Default="true" />
      <Schedule />
      <Template Key="40290b2a-6b73-4115-886c-8e00c2154ed6">home</Template>
      <PublicAccess />
    </Info>
    <Properties>
      <mainContent PropertyEditorAlias="Umbraco.Grid">
        <Value><![CDATA[{
  "name": "1 column layout",
  "sections": [
    {
      "grid": 12,
      "rows": []
    }
  ]
}]]></Value>
      </mainContent>
      <mainImage PropertyEditorAlias="Umbraco.MediaPicker">
        <Value><![CDATA[umb://media/5598b628b39045328bb5dab06089e9d7]]></Value>
      </mainImage>
      <metaDescription PropertyEditorAlias="Umbraco.TextArea">
        <Value><![CDATA[]]></Value>
      </metaDescription>
      <metaKeywords PropertyEditorAlias="Umbraco.Tags">
        <Value><![CDATA[[]]]></Value>
      </metaKeywords>
      <metaName PropertyEditorAlias="Umbraco.TextBox">
        <Value><![CDATA[]]></Value>
      </metaName>
      <socialLinks PropertyEditorAlias="Umbraco.NestedContent">
        <Value><![CDATA[[{"key":"b68b6698-b081-4b3a-a411-08e07ef9b0a5","name":"fab fa-github","ncContentTypeAlias":"iconLinkItem","iconClass":"fab fa-github","link":"[{\"name\":\"Get the source code on GitHub\",\"target\":\"_blank\",\"url\":\"https://github.com/prjseal/Clean-Boostrap-Starter-Kit-for-Umbraco\"}]"},{"key":"c7507a1f-de7c-402a-9e3c-02b59b088e61","name":"fas fa-box-open","ncContentTypeAlias":"iconLinkItem","iconClass":"fas fa-box-open","link":"[{\"name\":\"View this starter kit on Our Umbraco\",\"target\":\"_blank\",\"url\":\"https://our.umbraco.com/packages/starter-kits/clean-starter-kit/\"}]"},{"key":"3aed33e3-57b2-4a8b-9a1f-821ee19cae12","name":"fab fa-twitter","ncContentTypeAlias":"iconLinkItem","iconClass":"fab fa-twitter","link":"[{\"name\":\"Follow me on twitter\",\"target\":\"_blank\",\"url\":\"https://twitter.com/CodeSharePaul\"}]"},{"key":"14392e8f-97d5-4e8d-915b-120195561cb4","name":"fas fa-share-alt","ncContentTypeAlias":"iconLinkItem","iconClass":"fas fa-share-alt","link":"[{\"name\":\"Read my blog codeshare.co.uk\",\"target\":\"_blank\",\"url\":\"https://codeshare.co.uk\"}]"},{"key":"f37b751b-604d-42ce-b323-b6e6976df71f","name":"fas fa-coffee","ncContentTypeAlias":"iconLinkItem","iconClass":"fas fa-coffee","link":"[{\"name\":\"Buy me a coffee\",\"target\":\"_blank\",\"url\":\"https://codeshare.co.uk/coffee\"}]"}]]]></Value>
      </socialLinks>
      <subtitle PropertyEditorAlias="Umbraco.TextBox">
        <Value><![CDATA[For Umbraco]]></Value>
      </subtitle>
      <title PropertyEditorAlias="Umbraco.TextBox">
        <Value><![CDATA[Clean Starter Kit]]></Value>
      </title>
    </Properties>
  </Content>
  <Content Key="704a66de-b213-44fe-815a-f988c0707bbf" Id="1094" Name="About" Level="2" AvailableCultures="en-GB">
    <Info>
      <Parent Key="dcf18a51-6919-4cf8-89d1-36b94ce4d963">Home</Parent>
      <Trashed>false</Trashed>
      <ContentType>content</ContentType>
      <CreateDate>2023-01-05T13:32:03</CreateDate>
      <NodeName Default="About" />
      <SortOrder>0</SortOrder>
      <Published Default="true" />
      <Schedule />
      <Template Key="b640984a-c090-4719-b96b-11c4e44faf3c">content</Template>
      <PublicAccess />
    </Info>
    <Properties>
      <hideFromXMLSitemap PropertyEditorAlias="Umbraco.TrueFalse">
        <Value><![CDATA[0]]></Value>
      </hideFromXMLSitemap>
      <mainContent PropertyEditorAlias="Umbraco.Grid">
        <Value><![CDATA[{
  "name": "1 column layout",
  "sections": [
    {
      "grid": 12,
      "rows": [
        {
          "name": "Full",
          "areas": [
            {
              "grid": 12,
              "allowAll": true,
              "hasConfig": false,
              "controls": [
                {
                  "value": "<p>The Clean Starter Kit for Umbraco uses the Start Bootstrap Theme Clean Blog. It has been implemented in Umbraco as a Starter Kit by Paul Seal who has the blog <a rel=\"noopener\" href=\"https://codeshare.co.uk\" target=\"_blank\">codeshare.co.uk</a> and works for the Umbraco Gold Partner <a rel=\"noopener\" href=\"https://www.moriyama.co.uk\" target=\"_blank\">Moriyama</a>.</p>\n<p>The idea of this starter kit is to provide you with a clean and simple website. It is ideally aimed at people who are new to Umbraco so they can install the starter kit, get used to Umbraco and then build upon the kit with their own requirements.</p>",
                  "editor": {
                    "name": "Rich text editor",
                    "alias": "rte",
                    "view": "rte",
                    "render": null,
                    "icon": "icon-article",
                    "config": {}
                  }
                },
                {
                  "value": {
                    "id": 1117,
                    "udi": "umb://media/8ac2c7bc0acb488ea4e624d9ea5bdff7",
                    "image": "/media/xldnfcwl/friendly-chair.jpg",
                    "caption": "Umbraco, the friendly CMS"
                  },
                  "editor": {
                    "name": "Image",
                    "alias": "media",
                    "view": "media",
                    "render": null,
                    "icon": "icon-picture",
                    "config": {}
                  }
                },
                {
                  "value": "<p>With this starter kit you should be able to quickly and easily set up a new website and share your content with others. The aim is for you to start using Umbraco and fall in love with it like I did, as a user or as a developer, you will find out how enjoyable it is to use.</p>",
                  "editor": {
                    "name": "Rich text editor",
                    "alias": "rte",
                    "view": "rte",
                    "render": null,
                    "icon": "icon-article",
                    "config": {}
                  }
                }
              ]
            }
          ],
          "label": "Full",
          "hasConfig": false,
          "id": "073c52d6-87c6-3987-b961-ec5bc86704b3"
        }
      ]
    }
  ]
}]]></Value>
      </mainContent>
      <mainImage PropertyEditorAlias="Umbraco.MediaPicker">
        <Value><![CDATA[umb://media/48239f24145049da9964934f512dde48]]></Value>
      </mainImage>
      <metaDescription PropertyEditorAlias="Umbraco.TextArea">
        <Value><![CDATA[]]></Value>
      </metaDescription>
      <metaKeywords PropertyEditorAlias="Umbraco.Tags">
        <Value><![CDATA[[]]]></Value>
      </metaKeywords>
      <metaName PropertyEditorAlias="Umbraco.TextBox">
        <Value><![CDATA[]]></Value>
      </metaName>
      <subtitle PropertyEditorAlias="Umbraco.TextBox">
        <Value><![CDATA[All about this starter kit]]></Value>
      </subtitle>
      <title PropertyEditorAlias="Umbraco.TextBox">
        <Value><![CDATA[]]></Value>
      </title>
      <umbracoNaviHide PropertyEditorAlias="Umbraco.TrueFalse">
        <Value><![CDATA[0]]></Value>
      </umbracoNaviHide>
    </Properties>
  </Content>
  <Content Key="31523089-f648-4883-9087-ef9a0b83129f" Id="1095" Name="Blog" Level="2" AvailableCultures="en-GB">
    <Info>
      <Parent Key="dcf18a51-6919-4cf8-89d1-36b94ce4d963">Home</Parent>
      <Trashed>false</Trashed>
      <ContentType>articleList</ContentType>
      <CreateDate>2023-01-05T13:32:03</CreateDate>
      <NodeName Default="Blog" />
      <SortOrder>1</SortOrder>
      <Published Default="true" />
      <Schedule />
      <Template Key="c2c5fd2c-e1ad-4766-9066-94623077ba4d">articleList</Template>
      <PublicAccess />
    </Info>
    <Properties>
      <hideFromXMLSitemap PropertyEditorAlias="Umbraco.TrueFalse">
        <Value><![CDATA[0]]></Value>
      </hideFromXMLSitemap>
      <mainContent PropertyEditorAlias="Umbraco.Grid">
        <Value><![CDATA[{
  "name": "1 column layout",
  "sections": [
    {
      "grid": 12,
      "rows": []
    }
  ]
}]]></Value>
      </mainContent>
      <mainImage PropertyEditorAlias="Umbraco.MediaPicker">
        <Value><![CDATA[umb://media/861ac5a3aca54db885f2a7ad05e0de30]]></Value>
      </mainImage>
      <metaDescription PropertyEditorAlias="Umbraco.TextArea">
        <Value><![CDATA[]]></Value>
      </metaDescription>
      <metaKeywords PropertyEditorAlias="Umbraco.Tags">
        <Value><![CDATA[[]]]></Value>
      </metaKeywords>
      <metaName PropertyEditorAlias="Umbraco.TextBox">
        <Value><![CDATA[]]></Value>
      </metaName>
      <subtitle PropertyEditorAlias="Umbraco.TextBox">
        <Value><![CDATA[Many blog posts for you]]></Value>
      </subtitle>
      <title PropertyEditorAlias="Umbraco.TextBox">
        <Value><![CDATA[]]></Value>
      </title>
      <umbracoNaviHide PropertyEditorAlias="Umbraco.TrueFalse">
        <Value><![CDATA[0]]></Value>
      </umbracoNaviHide>
    </Properties>
  </Content>
  <Content Key="14e76673-9b71-4259-aac3-fc9507eb3bdb" Id="1100" Name="Contact" Level="2" AvailableCultures="en-GB">
    <Info>
      <Parent Key="dcf18a51-6919-4cf8-89d1-36b94ce4d963">Home</Parent>
      <Trashed>false</Trashed>
      <ContentType>contact</ContentType>
      <CreateDate>2023-01-05T13:32:03</CreateDate>
      <NodeName Default="Contact" />
      <SortOrder>2</SortOrder>
      <Published Default="true" />
      <Schedule />
      <Template Key="ca640e78-7b93-47c0-952c-5b090e7e5420">contact</Template>
      <PublicAccess />
    </Info>
    <Properties>
      <errorMessage PropertyEditorAlias="Umbraco.TinyMCE">
        <Value><![CDATA[<h2>Error</h2>
<p>Sorry there was a problem with submitting the form. Please try again.</p>
<h3>Dev tip!</h3>
<p>This is most likely because of your smtp settings in the web.config file at the root of the site.</p>
<p>It probably looks like this:</p>
<pre class="prettyprint">&lt;system.net&gt;
    &lt;mailSettings&gt;
        &lt;smtp from="noreply@example.com"&gt;
            &lt;network host="127.0.0.1" userName="username" password="password" /&gt;
        &lt;/smtp&gt;
    &lt;/mailSettings&gt;
&lt;/system.net&gt;
</pre>
<p>You will need to either enter some valid smtp settings for sending emails, or you can use something like <a rel="noopener" href="https://smtp4dev.codeplex.com/" target="_blank">smtp4dev</a> which acts like an SMTP server on your machine.</p>
<p>It can also fail if you don't have these two app setting values in your web.config file:</p>
<pre>  &lt;appSettings&gt;
    &lt;add key="ContactEmailTo" value="toaddress@test.com"/&gt;
    &lt;add key="ContactEmailFrom" value="fromaddress@test.com"/&gt;
  &lt;/appSettings&gt;
</pre>]]></Value>
      </errorMessage>
      <hideFromXMLSitemap PropertyEditorAlias="Umbraco.TrueFalse">
        <Value><![CDATA[0]]></Value>
      </hideFromXMLSitemap>
      <mainContent PropertyEditorAlias="Umbraco.Grid">
        <Value><![CDATA[{
  "name": "1 column layout",
  "sections": [
    {
      "grid": 12,
      "rows": [
        {
          "name": "Full",
          "areas": [
            {
              "grid": 12,
              "allowAll": true,
              "hasConfig": false,
              "controls": [
                {
                  "value": "<p>Want to get in touch? Fill out the form below to send me a message and I will get back to you as soon as possible!</p>",
                  "editor": {
                    "name": "Rich text editor",
                    "alias": "rte",
                    "view": "rte",
                    "render": null,
                    "icon": "icon-article",
                    "config": {}
                  }
                }
              ]
            }
          ],
          "label": "Full",
          "hasConfig": false,
          "id": "46239e4c-bab6-bcb0-b61e-dffdd546f7cc"
        }
      ]
    }
  ]
}]]></Value>
      </mainContent>
      <mainImage PropertyEditorAlias="Umbraco.MediaPicker">
        <Value><![CDATA[umb://media/5598b628b39045328bb5dab06089e9d7]]></Value>
      </mainImage>
      <metaDescription PropertyEditorAlias="Umbraco.TextArea">
        <Value><![CDATA[]]></Value>
      </metaDescription>
      <metaKeywords PropertyEditorAlias="Umbraco.Tags">
        <Value><![CDATA[[]]]></Value>
      </metaKeywords>
      <metaName PropertyEditorAlias="Umbraco.TextBox">
        <Value><![CDATA[]]></Value>
      </metaName>
      <subtitle PropertyEditorAlias="Umbraco.TextBox">
        <Value><![CDATA[Get in touch]]></Value>
      </subtitle>
      <successMessage PropertyEditorAlias="Umbraco.TinyMCE">
        <Value><![CDATA[<h2>Thank you</h2>
<p>Thanks for your email. We will be in touch soon.</p>]]></Value>
      </successMessage>
      <title PropertyEditorAlias="Umbraco.TextBox">
        <Value><![CDATA[Contact Us]]></Value>
      </title>
      <umbracoNaviHide PropertyEditorAlias="Umbraco.TrueFalse">
        <Value><![CDATA[0]]></Value>
      </umbracoNaviHide>
    </Properties>
  </Content>
  <Content Key="abd58ca0-c700-47f3-b7ab-6672583572ce" Id="1101" Name="Error" Level="2" AvailableCultures="en-GB">
    <Info>
      <Parent Key="dcf18a51-6919-4cf8-89d1-36b94ce4d963">Home</Parent>
      <Trashed>false</Trashed>
      <ContentType>error</ContentType>
      <CreateDate>2023-01-05T13:32:03</CreateDate>
      <NodeName Default="Error" />
      <SortOrder>3</SortOrder>
      <Published Default="true" />
      <Schedule />
      <Template Key="93a3f04e-0635-4af5-8812-59a061eef49a">error</Template>
      <PublicAccess />
    </Info>
    <Properties>
      <hideFromXMLSitemap PropertyEditorAlias="Umbraco.TrueFalse">
        <Value><![CDATA[1]]></Value>
      </hideFromXMLSitemap>
      <mainContent PropertyEditorAlias="Umbraco.Grid">
        <Value><![CDATA[{
  "name": "1 column layout",
  "sections": [
    {
      "grid": 12,
      "rows": [
        {
          "name": "Full",
          "areas": [
            {
              "grid": 12,
              "allowAll": true,
              "hasConfig": false,
              "controls": [
                {
                  "value": "<p>We couldn't find the page you were looking for.</p>\n<p>Please go back to the <a href=\"/\">home page</a>.</p>",
                  "editor": {
                    "name": "Rich text editor",
                    "alias": "rte",
                    "view": "rte",
                    "render": null,
                    "icon": "icon-article",
                    "config": {}
                  }
                }
              ]
            }
          ],
          "label": "Full",
          "hasConfig": false,
          "id": "0b6ba48e-097e-3c30-9ed6-6828be7a3bb4"
        }
      ]
    }
  ]
}]]></Value>
      </mainContent>
      <mainImage PropertyEditorAlias="Umbraco.MediaPicker">
        <Value><![CDATA[umb://media/48239f24145049da9964934f512dde48]]></Value>
      </mainImage>
      <metaDescription PropertyEditorAlias="Umbraco.TextArea">
        <Value><![CDATA[]]></Value>
      </metaDescription>
      <metaKeywords PropertyEditorAlias="Umbraco.Tags">
        <Value><![CDATA[[]]]></Value>
      </metaKeywords>
      <metaName PropertyEditorAlias="Umbraco.TextBox">
        <Value><![CDATA[]]></Value>
      </metaName>
      <subtitle PropertyEditorAlias="Umbraco.TextBox">
        <Value><![CDATA[]]></Value>
      </subtitle>
      <title PropertyEditorAlias="Umbraco.TextBox">
        <Value><![CDATA[Page not found]]></Value>
      </title>
      <umbracoNaviHide PropertyEditorAlias="Umbraco.TrueFalse">
        <Value><![CDATA[1]]></Value>
      </umbracoNaviHide>
    </Properties>
  </Content>
  <Content Key="a77cdcb6-fb23-434e-a30f-75d0003a39c3" Id="1102" Name="XMLSitemap" Level="2" AvailableCultures="en-GB">
    <Info>
      <Parent Key="dcf18a51-6919-4cf8-89d1-36b94ce4d963">Home</Parent>
      <Trashed>false</Trashed>
      <ContentType>xMLSitemap</ContentType>
      <CreateDate>2023-01-05T13:32:03</CreateDate>
      <NodeName Default="XMLSitemap" />
      <SortOrder>4</SortOrder>
      <Published Default="true" />
      <Schedule />
      <Template Key="b2e04dec-1a01-4011-9988-fa817a05e444">xMLSitemap</Template>
      <PublicAccess />
    </Info>
    <Properties>
      <hideFromXMLSitemap PropertyEditorAlias="Umbraco.TrueFalse">
        <Value><![CDATA[1]]></Value>
      </hideFromXMLSitemap>
      <umbracoNaviHide PropertyEditorAlias="Umbraco.TrueFalse">
        <Value><![CDATA[1]]></Value>
      </umbracoNaviHide>
    </Properties>
  </Content>
  <Content Key="2d79b205-f7f5-4cdc-85a5-e94541d660b5" Id="1103" Name="Search" Level="2" AvailableCultures="en-GB">
    <Info>
      <Parent Key="dcf18a51-6919-4cf8-89d1-36b94ce4d963">Home</Parent>
      <Trashed>false</Trashed>
      <ContentType>search</ContentType>
      <CreateDate>2023-01-05T13:32:03</CreateDate>
      <NodeName Default="Search" />
      <SortOrder>5</SortOrder>
      <Published Default="true" />
      <Schedule />
      <Template Key="e21d30b3-21da-4794-a582-38496ae44662">search</Template>
      <PublicAccess />
    </Info>
    <Properties>
      <hideFromXMLSitemap PropertyEditorAlias="Umbraco.TrueFalse">
        <Value><![CDATA[0]]></Value>
      </hideFromXMLSitemap>
      <mainImage PropertyEditorAlias="Umbraco.MediaPicker">
        <Value><![CDATA[umb://media/bbf2800f1cc54ea98d2eb33ff1d5efbe]]></Value>
      </mainImage>
      <metaDescription PropertyEditorAlias="Umbraco.TextArea">
        <Value><![CDATA[]]></Value>
      </metaDescription>
      <metaKeywords PropertyEditorAlias="Umbraco.Tags">
        <Value><![CDATA[[]]]></Value>
      </metaKeywords>
      <metaName PropertyEditorAlias="Umbraco.TextBox">
        <Value><![CDATA[]]></Value>
      </metaName>
      <subtitle PropertyEditorAlias="Umbraco.TextBox">
        <Value><![CDATA[]]></Value>
      </subtitle>
      <title PropertyEditorAlias="Umbraco.TextBox">
        <Value><![CDATA[]]></Value>
      </title>
      <umbracoNaviHide PropertyEditorAlias="Umbraco.TrueFalse">
        <Value><![CDATA[0]]></Value>
      </umbracoNaviHide>
    </Properties>
  </Content>
  <Content Key="5657009a-fe15-44ac-a98d-fdd7ffe394cf" Id="1139" Name="Fake Login Page" Level="2" AvailableCultures="en-GB">
    <Info>
      <Parent Key="dcf18a51-6919-4cf8-89d1-36b94ce4d963">Home</Parent>
      <Trashed>false</Trashed>
      <ContentType>content</ContentType>
      <CreateDate>2023-02-21T11:30:30</CreateDate>
      <NodeName Default="Fake Login Page" />
      <SortOrder>6</SortOrder>
      <Published Default="true" />
      <Schedule />
      <Template Key="b640984a-c090-4719-b96b-11c4e44faf3c">content</Template>
      <PublicAccess />
    </Info>
    <Properties>
      <hideFromXMLSitemap PropertyEditorAlias="Umbraco.TrueFalse">
        <Value><![CDATA[0]]></Value>
      </hideFromXMLSitemap>
      <mainContent PropertyEditorAlias="Umbraco.Grid">
        <Value><![CDATA[{"name":"1 column layout","sections":[{"grid":"12","rows":[]}]}]]></Value>
      </mainContent>
      <mainImage PropertyEditorAlias="Umbraco.MediaPicker">
        <Value><![CDATA[]]></Value>
      </mainImage>
      <metaDescription PropertyEditorAlias="Umbraco.TextArea">
        <Value><![CDATA[]]></Value>
      </metaDescription>
      <metaKeywords PropertyEditorAlias="Umbraco.Tags">
        <Value><![CDATA[]]></Value>
      </metaKeywords>
      <metaName PropertyEditorAlias="Umbraco.TextBox">
        <Value><![CDATA[]]></Value>
      </metaName>
      <subtitle PropertyEditorAlias="Umbraco.TextBox">
        <Value><![CDATA[]]></Value>
      </subtitle>
      <title PropertyEditorAlias="Umbraco.TextBox">
        <Value><![CDATA[Fake Login Page]]></Value>
      </title>
      <umbracoNaviHide PropertyEditorAlias="Umbraco.TrueFalse">
        <Value><![CDATA[0]]></Value>
      </umbracoNaviHide>
    </Properties>
  </Content>
  <Content Key="2cb4c092-564a-42c6-9b18-bd31e117004e" Id="1096" Name="Community" Level="3" AvailableCultures="en-GB">
    <Info>
      <Parent Key="31523089-f648-4883-9087-ef9a0b83129f">Blog</Parent>
      <Trashed>false</Trashed>
      <ContentType>article</ContentType>
      <CreateDate>2023-01-05T13:32:03</CreateDate>
      <NodeName Default="Community" />
      <SortOrder>0</SortOrder>
      <Published Default="true" />
      <Schedule />
      <Template Key="cf6f50c2-b54c-4d7a-8918-7d2d6737ae24">article</Template>
      <PublicAccess />
    </Info>
    <Properties>
      <articleDate PropertyEditorAlias="Umbraco.DateTime">
        <Value><![CDATA[2019-07-30T12:00:00]]></Value>
      </articleDate>
      <authorName PropertyEditorAlias="Umbraco.TextBox">
        <Value><![CDATA[Paul Seal]]></Value>
      </authorName>
      <hideFromXMLSitemap PropertyEditorAlias="Umbraco.TrueFalse">
        <Value><![CDATA[0]]></Value>
      </hideFromXMLSitemap>
      <mainContent PropertyEditorAlias="Umbraco.Grid">
        <Value><![CDATA[{
  "name": "1 column layout",
  "sections": [
    {
      "grid": 12,
      "rows": [
        {
          "name": "Full",
          "areas": [
            {
              "grid": 12,
              "allowAll": true,
              "hasConfig": false,
              "controls": [
                {
                  "value": "<p>There is a large community around umbraco, it is one of the main attractions when choosing it as your Content Management System of choice.</p>",
                  "editor": {
                    "name": "Rich text editor",
                    "alias": "rte",
                    "view": "rte",
                    "render": null,
                    "icon": "icon-article",
                    "config": {}
                  }
                },
                {
                  "value": {
                    "id": 1115,
                    "udi": "umb://media/dd3840b38621451b9ee901f6ad175ec7",
                    "image": "/media/wvadrxjb/front-row-audience-smiles.jpg",
                    "caption": "Umbraco community enjoying another great talk"
                  },
                  "editor": {
                    "name": "Image",
                    "alias": "media",
                    "view": "media",
                    "render": null,
                    "icon": "icon-picture",
                    "config": {}
                  }
                }
              ]
            }
          ],
          "label": "Full",
          "hasConfig": false,
          "id": "b5f2ffce-245e-caa9-c63a-c91600b05831"
        },
        {
          "name": "Full",
          "areas": [
            {
              "grid": 12,
              "allowAll": true,
              "hasConfig": false,
              "controls": [
                {
                  "value": "<p>Not everyone is aware of all of the places where you can connect to the Umbraco community, so this post will list out different places you can communicate with the Umbraco community.</p>\n<h2><a rel=\"noopener\" href=\"https://our.umbraco.com\" target=\"_blank\">Our Umbraco</a></h2>\n<p>Our is the official Umbraco forum. If you have a problem, you should search there first to see if it has been solved already. Then if it hasn't you should ask your question on there. You will get friendly responses from a community of people who want to help you succeed, not see you fail.</p>\n<p>There is also a <a rel=\"noopener\" href=\"https://our.umbraco.com/community/\" target=\"_blank\">community section</a> on Our Umbraco where you can find out way more about the Umbraco Community.</p>\n<h2><a rel=\"noopener\" href=\"http://umbracians.chat/\" target=\"_blank\">Slack Group</a></h2>\n<p>If you like to use slack, you can chat with other umbraco members in real time over slack. This is good for getting quick answers to questions or good for asking for people's opinions on things. There are many different channels to be a part of, so it is worth checking it out.</p>\n<h2><a rel=\"noopener\" href=\"https://www.facebook.com/groups/202933450108554/\" target=\"_blank\">Facebook Group</a></h2>\n<p>If you prefer to use facebook over twitter then this group might be of interest to you. It is called Umbraco Web Developers, but anyone can join, you don't have to be a developer, but it helps to be working with Umbraco.</p>\n<h2><a rel=\"noopener\" href=\"https://twitter.com/search?q=umbraco&amp;src=typed_query&amp;f=live\" target=\"_blank\" data-anchor=\"?q=umbraco&amp;src=typed_query&amp;f=live\">Twitter</a></h2>\n<p>Twitter is a great place to see the latest developments in the umbraco community. You will see people reporting issues with Umbraco, asking questions about how to do things and arranging meetups. To tune into the chat on twitter you can search for Umbraco or filter by the #Umbraco hashtag.</p>\n<h2><a rel=\"noopener\" href=\"https://www.h5yr.com/\" target=\"_blank\">H5YR.com</a></h2>\n<p>A list of all the recent tweets that people have virtually given a High 5 with. Why not join in and tweet using the hashtag #H5YR</p>",
                  "editor": {
                    "name": "Rich text editor",
                    "alias": "rte",
                    "view": "rte",
                    "render": null,
                    "icon": "icon-article",
                    "config": {}
                  }
                }
              ]
            }
          ],
          "label": "Full",
          "hasConfig": false,
          "id": "fb4c3ebb-55fc-f853-8016-df27e4d8da73"
        }
      ]
    }
  ]
}]]></Value>
      </mainContent>
      <mainImage PropertyEditorAlias="Umbraco.MediaPicker">
        <Value><![CDATA[umb://media/db22bb69b0ae44bb9019a3e6498d4c25]]></Value>
      </mainImage>
      <metaDescription PropertyEditorAlias="Umbraco.TextArea">
        <Value><![CDATA[]]></Value>
      </metaDescription>
      <metaKeywords PropertyEditorAlias="Umbraco.Tags">
        <Value><![CDATA[[]]]></Value>
      </metaKeywords>
      <metaName PropertyEditorAlias="Umbraco.TextBox">
        <Value><![CDATA[]]></Value>
      </metaName>
      <subtitle PropertyEditorAlias="Umbraco.TextBox">
        <Value><![CDATA[The friendly CMS]]></Value>
      </subtitle>
      <title PropertyEditorAlias="Umbraco.TextBox">
        <Value><![CDATA[]]></Value>
      </title>
      <umbracoNaviHide PropertyEditorAlias="Umbraco.TrueFalse">
        <Value><![CDATA[0]]></Value>
      </umbracoNaviHide>
    </Properties>
  </Content>
  <Content Key="ab52bebc-e857-420e-b72c-dc661ea7819d" Id="1097" Name="Popular blogs" Level="3" AvailableCultures="en-GB">
    <Info>
      <Parent Key="31523089-f648-4883-9087-ef9a0b83129f">Blog</Parent>
      <Trashed>false</Trashed>
      <ContentType>article</ContentType>
      <CreateDate>2023-01-05T13:32:03</CreateDate>
      <NodeName Default="Popular blogs" />
      <SortOrder>1</SortOrder>
      <Published Default="true" />
      <Schedule />
      <Template Key="cf6f50c2-b54c-4d7a-8918-7d2d6737ae24">article</Template>
      <PublicAccess />
    </Info>
    <Properties>
      <articleDate PropertyEditorAlias="Umbraco.DateTime">
        <Value><![CDATA[2019-08-06T12:00:00]]></Value>
      </articleDate>
      <authorName PropertyEditorAlias="Umbraco.TextBox">
        <Value><![CDATA[Paul Seal]]></Value>
      </authorName>
      <hideFromXMLSitemap PropertyEditorAlias="Umbraco.TrueFalse">
        <Value><![CDATA[0]]></Value>
      </hideFromXMLSitemap>
      <mainContent PropertyEditorAlias="Umbraco.Grid">
        <Value><![CDATA[{
  "name": "1 column layout",
  "sections": [
    {
      "grid": 12,
      "rows": [
        {
          "name": "Full",
          "areas": [
            {
              "grid": 12,
              "allowAll": true,
              "hasConfig": false,
              "controls": [
                {
                  "value": "<p>There are many blogs and magazines from Umbraco community members writing about Umbraco</p>\n<p>Here are some popular ones:</p>\n<h2><a rel=\"noopener\" href=\"https://skrift.io/\" target=\"_blank\">Skrift.io</a></h2>\n<p>A monthly magazine for sharing knowledge in the Umbraco Community.</p>",
                  "editor": {
                    "name": "Rich text editor",
                    "alias": "rte",
                    "view": "rte",
                    "render": null,
                    "icon": "icon-article",
                    "config": {}
                  }
                },
                {
                  "value": {
                    "id": 1112,
                    "udi": "umb://media/b5279cc9c4384b14a57a72f97f5527f7",
                    "image": "/media/z4ocpnjy/skrift-at-codegarden.jpg",
                    "caption": "Skrift authors at Codegarden"
                  },
                  "editor": {
                    "name": "Image",
                    "alias": "media",
                    "view": "media",
                    "render": null,
                    "icon": "icon-picture",
                    "config": {}
                  }
                },
                {
                  "value": "<h2><a rel=\"noopener\" href=\"https://24days.in/umbraco-cms/\" target=\"_blank\">24 days in Umbraco</a></h2>\n<p>The 24 Days In Umbraco Christmas Calendar. It started in December 2012, where they asked a bunch of Umbraco people if they had a favorite feature, a story or something else that they'd be willing to write a short article about. The 24 days team now post a new one on the site everyday through December.</p>\n<h2><a rel=\"noopener\" href=\"https://codeshare.co.uk/\" target=\"_blank\">codeshare.co.uk</a></h2>\n<p>Web developer blog by Paul Seal with code examples and thoughts on technology such as Umbraco, MVC and ASP.NET and JavaScript.</p>\n<h2><a rel=\"noopener\" href=\"http://www.jondjones.com/learn-umbraco-cms\" target=\"_blank\">johndjones.com</a></h2>\n<p>A vast amount of blog posts and tutorials about Umbraco and many other web development topics.</p>\n<h2><a rel=\"noopener\" href=\"https://www.zpqrtbnk.net/\" target=\"_blank\">zpqrtbnk.net</a></h2>\n<p>Bonjour ! I am Stephan aka ZpqrtBnk. I scratch software itches. And beyond. I see what's CompletelyBroken™. I love to fix, improve, and make things happen. I code, speak and listen, learn, and help people with their architectures and projects.</p>\n<h2><a rel=\"noopener\" href=\"https://owain.codes/\" target=\"_blank\">Owain.codes</a></h2>\n<p>Owain's Umbraco Community thoughts, coding tutorials, what he is learning, general blogs about his experience with Umbraco and any other things that come to mind.</p>\n<h2><a rel=\"noopener\" href=\"http://tooorangey.co.uk/\" target=\"_blank\">too orangey for crows</a></h2>\n<p>Marc Goodson's blog. Marc works for the popular Umbraco Gold Partner Moriyama, where he is the Lead Umbracologist in the Umbracology Department.</p>\n<h2><a rel=\"noopener\" href=\"https://leekelleher.com/\" target=\"_blank\">LeeKelleher.com</a></h2>\n<p>One half of UMCO, the awesome Umbraco package creators. This is Lee's personal blog.</p>",
                  "editor": {
                    "name": "Rich text editor",
                    "alias": "rte",
                    "view": "rte",
                    "render": null,
                    "icon": "icon-article",
                    "config": {}
                  }
                }
              ],
              "dropNotAllowed": false,
              "dropOnEmpty": false
            }
          ],
          "label": "Full",
          "hasConfig": false,
          "id": "5750a3a5-a065-dc17-b7b8-3fae63bf7e80"
        }
      ]
    }
  ]
}]]></Value>
      </mainContent>
      <mainImage PropertyEditorAlias="Umbraco.MediaPicker">
        <Value><![CDATA[umb://media/4281aa5815c641a9b07433f40fd09ea9]]></Value>
      </mainImage>
      <metaDescription PropertyEditorAlias="Umbraco.TextArea">
        <Value><![CDATA[]]></Value>
      </metaDescription>
      <metaKeywords PropertyEditorAlias="Umbraco.Tags">
        <Value><![CDATA[[]]]></Value>
      </metaKeywords>
      <metaName PropertyEditorAlias="Umbraco.TextBox">
        <Value><![CDATA[]]></Value>
      </metaName>
      <subtitle PropertyEditorAlias="Umbraco.TextBox">
        <Value><![CDATA[Popular blogs and magazines about Umbraco]]></Value>
      </subtitle>
      <title PropertyEditorAlias="Umbraco.TextBox">
        <Value><![CDATA[]]></Value>
      </title>
      <umbracoNaviHide PropertyEditorAlias="Umbraco.TrueFalse">
        <Value><![CDATA[0]]></Value>
      </umbracoNaviHide>
    </Properties>
  </Content>
  <Content Key="fca65d9c-8e03-4d6c-83ed-44ef305e8d8e" Id="1098" Name="Meetups" Level="3" AvailableCultures="en-GB">
    <Info>
      <Parent Key="31523089-f648-4883-9087-ef9a0b83129f">Blog</Parent>
      <Trashed>false</Trashed>
      <ContentType>article</ContentType>
      <CreateDate>2023-01-05T13:32:03</CreateDate>
      <NodeName Default="Meetups" />
      <SortOrder>2</SortOrder>
      <Published Default="true" />
      <Schedule />
      <Template Key="cf6f50c2-b54c-4d7a-8918-7d2d6737ae24">article</Template>
      <PublicAccess />
    </Info>
    <Properties>
      <articleDate PropertyEditorAlias="Umbraco.DateTime">
        <Value><![CDATA[2019-07-31T12:00:00]]></Value>
      </articleDate>
      <authorName PropertyEditorAlias="Umbraco.TextBox">
        <Value><![CDATA[Paul Seal]]></Value>
      </authorName>
      <hideFromXMLSitemap PropertyEditorAlias="Umbraco.TrueFalse">
        <Value><![CDATA[0]]></Value>
      </hideFromXMLSitemap>
      <mainContent PropertyEditorAlias="Umbraco.Grid">
        <Value><![CDATA[{
  "name": "1 column layout",
  "sections": [
    {
      "grid": 12,
      "rows": [
        {
          "name": "Full",
          "areas": [
            {
              "grid": 12,
              "allowAll": true,
              "hasConfig": false,
              "controls": [
                {
                  "value": "<p>Until I had gone to my first meetup, I didn't realise how comforting and safe it would feel to be around like minded people. When I started going to meetups, I realised that there were other people out there who liked the same things I do, and I could have decent conversations with them face to face. With that in mind I would encourage to you attend a meetup if you can.</p>",
                  "editor": {
                    "name": "Rich text editor",
                    "alias": "rte",
                    "view": "rte",
                    "render": null,
                    "icon": "icon-article",
                    "config": {}
                  }
                },
                {
                  "value": {
                    "id": 1114,
                    "udi": "umb://media/167ee71553ff4a8bab507d630c8448fa",
                    "image": "/media/cpth2fx5/community-front-row.jpg",
                    "caption": "We love to hear great talks at meetups"
                  },
                  "editor": {
                    "name": "Image",
                    "alias": "media",
                    "view": "media",
                    "render": null,
                    "icon": "icon-picture",
                    "config": {}
                  }
                },
                {
                  "value": "<p>Here are some popular Umbraco meetups, some of them are virtual meetups.</p>\n<h2><a rel=\"noopener\" href=\"https://www.meetup.com/Edinburgh-Umbraco-Users-Group/events/260304467/\" target=\"_blank\">Umbraco for Edinburgh Developers and Users</a></h2>\n<p>EDINBUUG is a chance to chat about all things Umbraco - whether you are someone who uses Umbraco for their website, you're a developer who builds Umbraco websites or maybe you are a project manager who works with clients who have Umbraco websites - come along. Everyone is welcome.</p>\n<h2><a rel=\"noopener\" href=\"https://www.meetup.com/Australian-Umbraco-Meetups/events/tgbtfqyzlbjb/\" target=\"_blank\">Melbourne Umbracian Meetup</a></h2>\n<p>The purpose is to get together, discuss and learn a little about Umbraco having some fun while doing so. Whether there are two of us or 22, the event will go forward, so come along and take part!</p>\n<h2><a rel=\"noopener\" href=\"https://www.meetup.com/The-London-Umbraco-Meetup/\" target=\"_blank\">The London Umbraco Meetup</a></h2>\n<p>The London Umbraco Meetup Group is a monthly meetup for Umbraco devotees and newbies to come along, learn and share their knowledge and to also gently spread the umbraco love to all.</p>\n<p>We aim to meet each month, where you can have a chat and a beer with other fellow Umbracians.</p>\n<p>We also try and mix it up by having talks by both Umbraco and non-Umbraco</p>\n<h2><a rel=\"noopener\" href=\"https://www.meetup.com/Dutch-Umbraco-User-Group/\" target=\"_blank\">Dutch Umbraco User Group</a></h2>\n<p>To get Umbraco in the picture in the Netherlands: that's what we aim for with the Dutch Umbraco User Group (DUUG)! It's a platform for and by professionals working with the most applied .net CMS in Europe. DUUG will inspire, inform, convince and reinforce.</p>\n<h2><a rel=\"noopener\" href=\"https://www.meetup.com/umbLeeds/\" target=\"_blank\">Umbraco Leeds Meetup</a></h2>\n<p>Umbraco Leeds is a monthly meetup group for anyone involved or interested in Umbraco. Whether you're a developer, content editor, project owner or just curious to hear about what it's all about - come along to one of our meetups and you'll be sure of a warm and friendly welcome.</p>\n<h2><a rel=\"noopener\" href=\"https://www.meetup.com/Sydney-Umbraco-Meetup/\" target=\"_blank\">Sydney Umbraco Meetup</a></h2>\n<p>This is the group for passionate Umbraco developers and users in the Sydney area to meetup every couple of months. Sometimes it may be at the Glenmore on The Rocks or it could be a presentation based on Umbraco hosted by a local agency.</p>\n<h2><a rel=\"noopener\" href=\"https://www.meetup.com/Belgian-Umbraco-User-Group/\" target=\"_blank\">Belgian Umbraco User Group Meetup</a></h2>\n<p>The Belgian Umbraco Meet Up is an open space to come learn and meet umbraco people and agencies in the Belgian area, we however welcome umbracians from all parts of the globe and you are welcome to attend.</p>\n<h2><a rel=\"noopener\" href=\"https://www.meetup.com/umbracodkmeetup/\" target=\"_blank\">Umbraco DK Meetup</a></h2>\n<p>We are a networking group for everyone who loves Umbraco!</p>\n<p>Meetups are organized in Odense, Aarhus, Copenhagen and where there are enthusiasts who want to arrange something. There will be presentations, hands-on sessions, display of the delicious things you've made in Umbraco or something else.</p>\n<h2><a rel=\"noopener\" href=\"https://www.meetup.com/Glasgow-Umbraco-Users-Group-GLUUG/\" target=\"_blank\">Glasgow Umbraco User Group (GLUUG)</a></h2>\n<p>The Glasgow Umbraco Users' Group (GLUUG) is a networking group for anyone interested in Umbraco. We have regular social meetups where people can come and chat to friendly and like-minded Umbraco folk. We also have more formal presentation-based meetups where experts in the community share their knowledge and usually kick-start some lively debates!</p>\n<p>So come along and chat to some friendly folk over a beer and some pizza at our next meetup :)</p>",
                  "editor": {
                    "name": "Rich text editor",
                    "alias": "rte",
                    "view": "rte",
                    "render": null,
                    "icon": "icon-article",
                    "config": {}
                  }
                }
              ],
              "dropNotAllowed": false,
              "dropOnEmpty": false
            }
          ],
          "label": "Full",
          "hasConfig": false,
          "id": "70c2d495-58d1-21dd-9f80-a41c4272ebc1"
        }
      ]
    }
  ]
}]]></Value>
      </mainContent>
      <mainImage PropertyEditorAlias="Umbraco.MediaPicker">
        <Value><![CDATA[umb://media/dd3840b38621451b9ee901f6ad175ec7]]></Value>
      </mainImage>
      <metaDescription PropertyEditorAlias="Umbraco.TextArea">
        <Value><![CDATA[]]></Value>
      </metaDescription>
      <metaKeywords PropertyEditorAlias="Umbraco.Tags">
        <Value><![CDATA[[]]]></Value>
      </metaKeywords>
      <metaName PropertyEditorAlias="Umbraco.TextBox">
        <Value><![CDATA[]]></Value>
      </metaName>
      <subtitle PropertyEditorAlias="Umbraco.TextBox">
        <Value><![CDATA[What's happening near you?]]></Value>
      </subtitle>
      <title PropertyEditorAlias="Umbraco.TextBox">
        <Value><![CDATA[]]></Value>
      </title>
      <umbracoNaviHide PropertyEditorAlias="Umbraco.TrueFalse">
        <Value><![CDATA[0]]></Value>
      </umbracoNaviHide>
    </Properties>
  </Content>
  <Content Key="d28b8bc8-7204-4802-9c2d-6fd7c5a5e0aa" Id="1099" Name="Conferences" Level="3" AvailableCultures="en-GB">
    <Info>
      <Parent Key="31523089-f648-4883-9087-ef9a0b83129f">Blog</Parent>
      <Trashed>false</Trashed>
      <ContentType>article</ContentType>
      <CreateDate>2023-01-05T13:32:03</CreateDate>
      <NodeName Default="Conferences" />
      <SortOrder>3</SortOrder>
      <Published Default="true" />
      <Schedule />
      <Template Key="cf6f50c2-b54c-4d7a-8918-7d2d6737ae24">article</Template>
      <PublicAccess />
    </Info>
    <Properties>
      <articleDate PropertyEditorAlias="Umbraco.DateTime">
        <Value><![CDATA[2019-08-02T12:00:00]]></Value>
      </articleDate>
      <authorName PropertyEditorAlias="Umbraco.TextBox">
        <Value><![CDATA[Paul Seal]]></Value>
      </authorName>
      <hideFromXMLSitemap PropertyEditorAlias="Umbraco.TrueFalse">
        <Value><![CDATA[0]]></Value>
      </hideFromXMLSitemap>
      <mainContent PropertyEditorAlias="Umbraco.Grid">
        <Value><![CDATA[{
  "name": "1 column layout",
  "sections": [
    {
      "grid": 12,
      "rows": [
        {
          "name": "Full",
          "areas": [
            {
              "grid": 12,
              "allowAll": true,
              "hasConfig": false,
              "controls": [
                {
                  "value": "<p>There are many Umbraco conferences held around the world.</p>\n<p>The main one is codegarden which is held in Odense, Denmark, about a 10 minute walk away from the Umbraco HQ.</p>\n<p>In 2019 approximately 750 people attended, making it the biggest codegarden ever.</p>",
                  "editor": {
                    "name": "Rich text editor",
                    "alias": "rte",
                    "view": "rte",
                    "render": null,
                    "icon": "icon-article",
                    "config": {}
                  }
                },
                {
                  "value": {
                    "id": 1118,
                    "udi": "umb://media/0521b48598b6409dad358745f3e4287c",
                    "image": "/media/qo0ccbnw/codegarden-keynote.jpg",
                    "caption": "750 people attended Codegarden 2019"
                  },
                  "editor": {
                    "name": "Image",
                    "alias": "media",
                    "view": "media",
                    "render": null,
                    "icon": "icon-picture",
                    "config": {}
                  }
                },
                {
                  "value": "<p>Here is a list of Umbraco related conferences from around the world:</p>\n<h2><a rel=\"noopener\" href=\"https://uduf.net/\" target=\"_blank\">UDUF</a></h2>\n<h4>Gold Coast, Australias - February</h4>\n<p>uDuf is the only Umbraco conference in the Southern Hemisphere where each year Umbraco users from across Australasia and the World come together to share knowledge, gain new Umbraco skills and commune with others in the Umbraco community.</p>\n<p>It is designed to build a strong and sharing community of developers, project managers, marketing teams and web specialists who use Umbraco. With separate development and business focused content streams, you don’t have to be a coder to get something out of uDuf - we’ve got you all covered!</p>\n<h2><a rel=\"noopener\" href=\"https://umbracospark.com/\" target=\"_blank\">Umbraco Spark</a></h2>\n<h4>Bristol, England - March</h4>\n<p>The Umbraco Spark innovation conference is a must for all Umbraco developers that want to find out what's going on with Umbraco. Focusing on innovation and forward thinking, we cover topics such as Umbraco Headless, .Net Core, Machine Learning / AI, personalisation, mobile apps, content as a service, and digital assistants.</p>\n<h2><a rel=\"noopener\" href=\"https://umbracofestival.de/\" target=\"_blank\">Umbraco Festival Deutschland</a></h2>\n<h4>Frankfurt, Germany - April</h4>\n<p>UFD is where you get amazing tech content, the friendliest CMS community and superb Umbraco knowledge.</p>\n<h2><a rel=\"noopener\" href=\"https://codegarden20.com/\" target=\"_blank\">Codegarden</a></h2>\n<h4>Odense, Denmark - May</h4>\n<p>Codegarden is the biggest Umbraco conference in the world. It's 3 days packed with inspiring talks about tech, business, UX and, of course, Umbraco. 3 days where you will deepen your Umbraco knowledge, get inspired, get to meet the global open source Umbraco community and simply have a fabulous time.</p>\n<p>If you’re working with Umbraco or if Umbraco is part of your business - this is the place to be!</p>\n<p><iframe width=\"360\" height=\"203\" src=\"https://www.youtube.com/embed/v_Q0PuYP74I?feature=oembed\" frameborder=\"0\" allow=\"accelerometer; autoplay; encrypted-media; gyroscope; picture-in-picture\" allowfullscreen=\"\"></iframe></p>\n<h2><a rel=\"noopener\" href=\"https://umbracofestival.se/\" target=\"_blank\">Umbraco Sweden Festival</a></h2>\n<h4>Örebro, Sweden - September</h4>\n<p>Many interesting speakers, cosy venues, networking opportunities, food, drinks – and of course parties. So, loosen your tie and get your party boots on.</p>\n<h2><a rel=\"noopener\" href=\"https://umbracofestival.pl/\" target=\"_blank\">Umbraco Poland Festival</a></h2>\n<h4>Kraków, Poland - October</h4>\n<p>The Umbraco Poland Festival showcases talks from a selection of experts in their field and gives you the chance to meet with some of the best and brightest in the community, including the core team. And it all happens between an unmissable pre and after party, against the backdrop of the incredible city of Kraków. So, see you there?</p>\n<h2><a rel=\"noopener\" href=\"https://www.duugfest.nl/\" target=\"_blank\">DUUGFest</a></h2>\n<h4>Utrecht, Netherlands - October</h4>\n<p>DUUGFest is run by the Dutch Umbraco User Group</p>\n<h2><a rel=\"noopener\" href=\"https://codecab.in/\" target=\"_blank\">CODECABIN</a></h2>\n<h4>Peak District, England</h4>\n<p>CODECABIN is the premier, invite-only weekend away for Umbraco developers, providing time to code, learn and network in a completely relaxed and open environment away from the hustle and bustle of every day life.</p>\n<h2><a rel=\"noopener\" href=\"https://umbracofestival.co.uk/\" target=\"_blank\">Umbraco UK Festival</a></h2>\n<h4>London, England - November</h4>\n<p>The world's biggest community organised Umbraco event. Get ready for a jam packed event featuring incredible talks on development, front end, design &amp; UX, wellbeing, and business, deep-dive workshops hosted by community experts, and of course our legendary hackathon.</p>",
                  "editor": {
                    "name": "Rich text editor",
                    "alias": "rte",
                    "view": "rte",
                    "render": null,
                    "icon": "icon-article",
                    "config": {}
                  }
                }
              ],
              "dropNotAllowed": false,
              "dropOnEmpty": false
            }
          ],
          "label": "Full",
          "hasConfig": false,
          "id": "fae95e59-8162-daad-5195-7006d8be1fd5"
        }
      ]
    }
  ]
}]]></Value>
      </mainContent>
      <mainImage PropertyEditorAlias="Umbraco.MediaPicker">
        <Value><![CDATA[umb://media/13e63ebb2f824e6584f0e3b79241a971]]></Value>
      </mainImage>
      <metaDescription PropertyEditorAlias="Umbraco.TextArea">
        <Value><![CDATA[]]></Value>
      </metaDescription>
      <metaKeywords PropertyEditorAlias="Umbraco.Tags">
        <Value><![CDATA[[]]]></Value>
      </metaKeywords>
      <metaName PropertyEditorAlias="Umbraco.TextBox">
        <Value><![CDATA[]]></Value>
      </metaName>
      <subtitle PropertyEditorAlias="Umbraco.TextBox">
        <Value><![CDATA[Around the world]]></Value>
      </subtitle>
      <title PropertyEditorAlias="Umbraco.TextBox">
        <Value><![CDATA[]]></Value>
      </title>
      <umbracoNaviHide PropertyEditorAlias="Umbraco.TrueFalse">
        <Value><![CDATA[0]]></Value>
      </umbracoNaviHide>
    </Properties>
  </Content>
  <Content Key="5455946a-0b11-4e44-bc46-9f88cb6633b4" Id="1133" Name="Scheduled Blog Test" Level="3" AvailableCultures="en-GB">
    <Info>
      <Parent Key="31523089-f648-4883-9087-ef9a0b83129f">Blog</Parent>
      <Trashed>false</Trashed>
      <ContentType>article</ContentType>
      <CreateDate>2023-01-27T16:37:23</CreateDate>
      <NodeName Default="Scheduled Blog Test" />
      <SortOrder>4</SortOrder>
      <Published Default="false" />
      <Schedule>
        <ContentSchedule>
          <Culture></Culture>
          <Action>Expire</Action>
          <Date>2026-01-15T16:55:00</Date>
        </ContentSchedule>
        <ContentSchedule>
          <Culture></Culture>
          <Action>Release</Action>
          <Date>2023-10-31T09:00:00</Date>
        </ContentSchedule>
      </Schedule>
      <Template Key="cf6f50c2-b54c-4d7a-8918-7d2d6737ae24">article</Template>
      <PublicAccess />
    </Info>
    <Properties>
      <articleDate PropertyEditorAlias="Umbraco.DateTime">
        <Value><![CDATA[2023-10-31T12:00:00]]></Value>
      </articleDate>
      <authorName PropertyEditorAlias="Umbraco.TextBox">
        <Value><![CDATA[Me]]></Value>
      </authorName>
      <hideFromXMLSitemap PropertyEditorAlias="Umbraco.TrueFalse">
        <Value><![CDATA[0]]></Value>
      </hideFromXMLSitemap>
      <mainContent PropertyEditorAlias="Umbraco.Grid">
        <Value><![CDATA[{"name":"1 column layout","sections":[{"grid":"12","rows":[]}]}]]></Value>
      </mainContent>
      <mainImage PropertyEditorAlias="Umbraco.MediaPicker">
        <Value><![CDATA[umb://media/8ac2c7bc0acb488ea4e624d9ea5bdff7]]></Value>
      </mainImage>
      <metaDescription PropertyEditorAlias="Umbraco.TextArea">
        <Value><![CDATA[]]></Value>
      </metaDescription>
      <metaKeywords PropertyEditorAlias="Umbraco.Tags">
        <Value><![CDATA[]]></Value>
      </metaKeywords>
      <metaName PropertyEditorAlias="Umbraco.TextBox">
        <Value><![CDATA[]]></Value>
      </metaName>
      <subtitle PropertyEditorAlias="Umbraco.TextBox">
        <Value><![CDATA[Am I scheduled?]]></Value>
      </subtitle>
      <title PropertyEditorAlias="Umbraco.TextBox">
        <Value><![CDATA[Scheduled Blog Test]]></Value>
      </title>
      <umbracoNaviHide PropertyEditorAlias="Umbraco.TrueFalse">
        <Value><![CDATA[0]]></Value>
      </umbracoNaviHide>
    </Properties>
  </Content>
  <Content Key="3a073c8f-47ea-4f06-a1c3-bb0728d2dabd" Id="1122" Name="Site Settings" Level="1" AvailableCultures="en-GB">
    <Info>
      <Parent Key="00000000-0000-0000-0000-000000000000"></Parent>
      <Trashed>false</Trashed>
      <ContentType>siteSettings</ContentType>
      <CreateDate>2023-01-09T16:48:18</CreateDate>
      <NodeName Default="Site Settings" />
      <SortOrder>1</SortOrder>
      <Published Default="true" />
      <Schedule />
      <Template />
      <PublicAccess />
    </Info>
    <Properties>
      <logo PropertyEditorAlias="Umbraco.MediaPicker3">
        <Value><![CDATA[[{"key":"63e0e5ae-68d2-4e85-b32a-cab61c73b2d7","mediaKey":"cc86bc2c-102d-4011-a3ba-df9244d07ca7"}]]]></Value>
      </logo>
    </Properties>
  </Content>
  <Content Key="384d7ede-df86-49a4-9823-dc9506bfe2e0" Id="1130" Name="Migrator Test" Level="1" AvailableCultures="en-GB">
    <Info>
      <Parent Key="00000000-0000-0000-0000-000000000000"></Parent>
      <Trashed>false</Trashed>
      <ContentType>migratorTest</ContentType>
      <CreateDate>2023-01-24T14:51:58</CreateDate>
      <NodeName Default="Migrator Test" />
      <SortOrder>2</SortOrder>
      <Published Default="true" />
      <Schedule />
      <Template />
      <PublicAccess />
    </Info>
    <Properties>
      <blockList PropertyEditorAlias="Umbraco.BlockList">
        <Value><![CDATA[{"layout":{"Umbraco.BlockList":[{"contentUdi":"umb://element/c6783df225094583b18f72728d51d584"},{"contentUdi":"umb://element/c0bef492ca3d4126858fd2dea1b9cc19"}]},"contentData":[{"contentTypeKey":"9a3abaeb-6576-4b1a-bed5-96bf08a8b667","udi":"umb://element/c6783df225094583b18f72728d51d584","iconClass":"fab fa-facebook","link":"[{\"name\":\"https://method4.co.uk/\",\"url\":\"https://method4.co.uk/\"}]"},{"contentTypeKey":"9a3abaeb-6576-4b1a-bed5-96bf08a8b667","udi":"umb://element/c0bef492ca3d4126858fd2dea1b9cc19","iconClass":"fab fa-twitter","link":"[{\"name\":\"https://twitter.com/The_DarkGhost\",\"url\":\"https://twitter.com/The_DarkGhost\"}]"}],"settingsData":[]}]]></Value>
      </blockList>
      <contentPicker PropertyEditorAlias="Umbraco.ContentPicker">
        <Value><![CDATA[umb://document/704a66deb21344fe815af988c0707bbf]]></Value>
      </contentPicker>
      <cultureTest PropertyEditorAlias="Umbraco.TextBox">
        <Value><![CDATA[This is written in English]]></Value>
      </cultureTest>
      <cultureTest2 PropertyEditorAlias="Umbraco.TextBox">
        <Value><![CDATA[Only the english variant should have a value]]></Value>
      </cultureTest2>
      <datePicker PropertyEditorAlias="Umbraco.DateTime">
        <Value><![CDATA[2023-04-01T00:00:00]]></Value>
      </datePicker>
      <datePickerWithTime PropertyEditorAlias="Umbraco.DateTime">
        <Value><![CDATA[2023-04-03T09:35:00]]></Value>
      </datePickerWithTime>
      <mediaPicker PropertyEditorAlias="Umbraco.MediaPicker3">
        <Value><![CDATA[[{"key":"9f224bee-5a9d-4818-8376-656d08c050b4","mediaKey":"8ac2c7bc-0acb-488e-a4e6-24d9ea5bdff7"}]]]></Value>
      </mediaPicker>
      <mediaPickerLegacy PropertyEditorAlias="Umbraco.MediaPicker">
        <Value><![CDATA[umb://media/5598b628b39045328bb5dab06089e9d7]]></Value>
      </mediaPickerLegacy>
      <memberGroupPicker PropertyEditorAlias="Umbraco.MemberGroupPicker">
        <Value><![CDATA[1132]]></Value>
      </memberGroupPicker>
      <memberPicker PropertyEditorAlias="Umbraco.MemberPicker">
        <Value><![CDATA[umb://member/db512863d06b4e3e95906a38a10bd374]]></Value>
      </memberPicker>
      <multinodeTreePicker PropertyEditorAlias="Umbraco.MultiNodeTreePicker">
        <Value><![CDATA[umb://document/704a66deb21344fe815af988c0707bbf,umb://document/31523089f64848839087ef9a0b83129f,umb://document/14e766739b714259aac3fc9507eb3bdb]]></Value>
      </multinodeTreePicker>
      <multinodeTreePickerMedia PropertyEditorAlias="Umbraco.MultiNodeTreePicker">
        <Value><![CDATA[umb://media/167ee71553ff4a8bab507d630c8448fa,umb://media/13e63ebb2f824e6584f0e3b79241a971,umb://media/8ac2c7bc0acb488ea4e624d9ea5bdff7]]></Value>
      </multinodeTreePickerMedia>
      <multinodeTreePickerSingle PropertyEditorAlias="Umbraco.MultiNodeTreePicker">
        <Value><![CDATA[umb://document/a77cdcb6fb23434ea30f75d0003a39c3]]></Value>
      </multinodeTreePickerSingle>
      <multipleMediaPicker PropertyEditorAlias="Umbraco.MediaPicker3">
        <Value><![CDATA[[{"key":"7f633417-8cb2-4702-b200-0ec12ebd8261","mediaKey":"bbf2800f-1cc5-4ea9-8d2e-b33ff1d5efbe"},{"key":"37a5f5fc-f80c-45eb-9873-8262b9e04226","mediaKey":"48239f24-1450-49da-9964-934f512dde48"},{"key":"59a5d27e-ce68-40e7-9b63-df35a37927ab","mediaKey":"167ee715-53ff-4a8b-ab50-7d630c8448fa"},{"key":"8ce01d08-0cb9-4ca1-977e-576576bbd738","mediaKey":"861ac5a3-aca5-4db8-85f2-a7ad05e0de30"}]]]></Value>
      </multipleMediaPicker>
      <multipleMediaPickerLegacy PropertyEditorAlias="Umbraco.MediaPicker">
        <Value><![CDATA[umb://media/13e63ebb2f824e6584f0e3b79241a971,umb://media/dd3840b38621451b9ee901f6ad175ec7,umb://media/db22bb69b0ae44bb9019a3e6498d4c25,umb://media/4281aa5815c641a9b07433f40fd09ea9]]></Value>
      </multipleMediaPickerLegacy>
      <multiURLPicker PropertyEditorAlias="Umbraco.MultiUrlPicker">
        <Value><![CDATA[[{"name":"Community","udi":"umb://document/2cb4c092564a42c69b18bd31e117004e"},{"name":"Google","target":"_blank","url":"https://www.google.co.uk/"},{"name":"Community front row","udi":"umb://media/167ee71553ff4a8bab507d630c8448fa"}]]]></Value>
      </multiURLPicker>
      <nestedContent PropertyEditorAlias="Umbraco.NestedContent">
        <Value><![CDATA[[{"key":"b07f914e-9ba6-4b17-b6c9-18147c7eacfd","name":"fab fa-facebook","ncContentTypeAlias":"iconLinkItem","iconClass":"fab fa-facebook","link":"[{\"name\":\"https://method4.co.uk/\",\"url\":\"https://method4.co.uk/\"}]"},{"key":"886946e7-af65-48fb-abe5-c55b2bb8a248","name":"fab fa-twitter","ncContentTypeAlias":"iconLinkItem","iconClass":"fab fa-twitter","link":"[{\"name\":\"https://twitter.com/The_DarkGhost\",\"url\":\"https://twitter.com/The_DarkGhost\"}]"}]]]></Value>
      </nestedContent>
      <oldCultureProperty PropertyEditorAlias="Umbraco.TextBox">
        <Value Culture="cy-gb"><![CDATA[Mae hyn wedi ysgrafennu mewn Cymraeg. 10]]></Value>
        <Value Culture="en-gb"><![CDATA[This is written in English. 10]]></Value>
      </oldCultureProperty>
      <oldRenamedPropertyTest PropertyEditorAlias="Umbraco.TextBox">
        <Value><![CDATA[Did I get mapped correctly?]]></Value>
      </oldRenamedPropertyTest>
      <richText PropertyEditorAlias="Umbraco.TinyMCE">
        <Value><![CDATA[<p>Lorem ipsum dolor sit amet, consectetur adipiscing elit, sed do eiusmod tempor incididunt ut labore et dolore magna aliqua. Ut enim ad minim veniam, quis nostrud exercitation ullamco laboris nisi ut aliquip ex ea commodo consequat. Duis aute irure dolor in reprehenderit in voluptate velit esse cillum dolore eu fugiat nulla pariatur. Excepteur sint occaecat cupidatat non proident, sunt in culpa qui officia deserunt mollit anim id est laborum.</p>
<p><img src="?width=240&amp;height=165&amp;mode=max" alt="" width="240" height="165" data-udi="umb://media/13e63ebb2f824e6584f0e3b79241a971" /></p>
<p>Lorem ipsum dolor sit amet, consectetur adipiscing elit, sed do eiusmod tempor incididunt ut labore et dolore magna aliqua. Ut enim ad minim veniam, quis nostrud exercitation ullamco laboris nisi ut aliquip ex ea commodo consequat. Duis aute irure dolor in reprehenderit in voluptate velit esse cillum dolore eu fugiat nulla pariatur. Excepteur sint occaecat cupidatat non proident, sunt in culpa qui officia deserunt mollit anim id est laborum.</p>
<p><img src="?width=182&amp;height=119&amp;mode=max" alt="" width="182" height="119" data-udi="umb://media/dd3840b38621451b9ee901f6ad175ec7" /></p>
<p>Lorem ipsum dolor sit amet, consectetur adipiscing elit, sed do eiusmod tempor incididunt ut labore et dolore magna aliqua. </p>
<p><a href="/{localLink:umb://document/d28b8bc8720448029c2d6fd7c5a5e0aa}" title="Conferences">Conferences</a></p>
<p>Ciao</p>]]></Value>
      </richText>
      <singleURLPicker PropertyEditorAlias="Umbraco.MultiUrlPicker">
        <Value><![CDATA[[{"name":"Contact","udi":"umb://document/14e766739b714259aac3fc9507eb3bdb"}]]]></Value>
      </singleURLPicker>
      <updatedMediaPicker PropertyEditorAlias="Umbraco.MediaPicker">
        <Value><![CDATA[umb://media/0521b48598b6409dad358745f3e4287c,umb://media/167ee71553ff4a8bab507d630c8448fa,umb://media/13e63ebb2f824e6584f0e3b79241a971]]></Value>
      </updatedMediaPicker>
      <userPicker PropertyEditorAlias="Umbraco.UserPicker">
        <Value><![CDATA[-1]]></Value>
      </userPicker>
    </Properties>
  </Content>
  <Content Key="e3f1a867-b26a-440e-83f6-c79dc423e134" Id="1136" Name="Unpublished Test" Level="2" AvailableCultures="en-GB">
    <Info>
      <Parent Key="384d7ede-df86-49a4-9823-dc9506bfe2e0">Migrator Test</Parent>
      <Trashed>false</Trashed>
      <ContentType>migratorTest</ContentType>
      <CreateDate>2023-02-08T10:44:58</CreateDate>
      <NodeName Default="Unpublished Test" />
      <SortOrder>0</SortOrder>
      <Published Default="true" />
      <Schedule />
      <Template />
      <PublicAccess />
    </Info>
    <Properties>
      <blockList PropertyEditorAlias="Umbraco.BlockList">
        <Value><![CDATA[]]></Value>
      </blockList>
      <contentPicker PropertyEditorAlias="Umbraco.ContentPicker">
        <Value><![CDATA[]]></Value>
      </contentPicker>
      <cultureTest PropertyEditorAlias="Umbraco.TextBox">
        <Value><![CDATA[]]></Value>
      </cultureTest>
      <cultureTest2 PropertyEditorAlias="Umbraco.TextBox">
        <Value><![CDATA[]]></Value>
      </cultureTest2>
      <datePicker PropertyEditorAlias="Umbraco.DateTime">
        <Value><![CDATA[]]></Value>
      </datePicker>
      <datePickerWithTime PropertyEditorAlias="Umbraco.DateTime">
        <Value><![CDATA[]]></Value>
      </datePickerWithTime>
      <mediaPicker PropertyEditorAlias="Umbraco.MediaPicker3">
        <Value><![CDATA[[{"key":"165a0bb4-c1be-4f94-bf1f-078388ca6c80","mediaKey":"cc86bc2c-102d-4011-a3ba-df9244d07ca7"}]]]></Value>
      </mediaPicker>
      <mediaPickerLegacy PropertyEditorAlias="Umbraco.MediaPicker">
        <Value><![CDATA[umb://media/a61578a311bb44259fe186a89434e638]]></Value>
      </mediaPickerLegacy>
      <memberGroupPicker PropertyEditorAlias="Umbraco.MemberGroupPicker">
        <Value><![CDATA[]]></Value>
      </memberGroupPicker>
      <memberPicker PropertyEditorAlias="Umbraco.MemberPicker">
        <Value><![CDATA[]]></Value>
      </memberPicker>
      <multinodeTreePicker PropertyEditorAlias="Umbraco.MultiNodeTreePicker">
        <Value><![CDATA[]]></Value>
      </multinodeTreePicker>
      <multinodeTreePickerMedia PropertyEditorAlias="Umbraco.MultiNodeTreePicker">
        <Value><![CDATA[]]></Value>
      </multinodeTreePickerMedia>
      <multinodeTreePickerSingle PropertyEditorAlias="Umbraco.MultiNodeTreePicker">
        <Value><![CDATA[]]></Value>
      </multinodeTreePickerSingle>
      <multipleMediaPicker PropertyEditorAlias="Umbraco.MediaPicker3">
        <Value><![CDATA[[{"key":"f84e36aa-9431-4d65-863e-ba3093db0789","mediaKey":"48239f24-1450-49da-9964-934f512dde48"},{"key":"ddfb086f-107a-427f-b39d-b185f6677593","mediaKey":"bbf2800f-1cc5-4ea9-8d2e-b33ff1d5efbe"},{"key":"954e4897-f65f-4802-9d75-c8d514a88cc5","mediaKey":"5598b628-b390-4532-8bb5-dab06089e9d7"}]]]></Value>
      </multipleMediaPicker>
      <multipleMediaPickerLegacy PropertyEditorAlias="Umbraco.MediaPicker">
        <Value><![CDATA[umb://media/4281aa5815c641a9b07433f40fd09ea9,umb://media/db22bb69b0ae44bb9019a3e6498d4c25,umb://media/dd3840b38621451b9ee901f6ad175ec7]]></Value>
      </multipleMediaPickerLegacy>
      <multiURLPicker PropertyEditorAlias="Umbraco.MultiUrlPicker">
        <Value><![CDATA[]]></Value>
      </multiURLPicker>
      <nestedContent PropertyEditorAlias="Umbraco.NestedContent">
        <Value><![CDATA[]]></Value>
      </nestedContent>
      <oldCultureProperty PropertyEditorAlias="Umbraco.TextBox">
        <Value><![CDATA[]]></Value>
      </oldCultureProperty>
      <oldRenamedPropertyTest PropertyEditorAlias="Umbraco.TextBox">
        <Value><![CDATA[]]></Value>
      </oldRenamedPropertyTest>
      <richText PropertyEditorAlias="Umbraco.TinyMCE">
        <Value><![CDATA[]]></Value>
      </richText>
      <singleURLPicker PropertyEditorAlias="Umbraco.MultiUrlPicker">
        <Value><![CDATA[]]></Value>
      </singleURLPicker>
      <updatedMediaPicker PropertyEditorAlias="Umbraco.MediaPicker">
        <Value><![CDATA[]]></Value>
      </updatedMediaPicker>
      <userPicker PropertyEditorAlias="Umbraco.UserPicker">
        <Value><![CDATA[]]></Value>
      </userPicker>
    </Properties>
  </Content>
  <Content Key="5d1cd125-cd39-4f58-8841-7479aef6a922" Id="1135" Name="Old DocType Test" Level="1" AvailableCultures="en-GB">
    <Info>
      <Parent Key="00000000-0000-0000-0000-000000000000"></Parent>
      <Trashed>false</Trashed>
      <ContentType>oldDocTypeTest</ContentType>
      <CreateDate>2023-01-27T17:25:36</CreateDate>
      <NodeName Default="Old DocType Test" />
      <SortOrder>3</SortOrder>
      <Published Default="true" />
      <Schedule />
      <Template />
      <PublicAccess />
    </Info>
    <Properties>
      <oldText PropertyEditorAlias="Umbraco.TextBox">
        <Value><![CDATA[My doctype changed on the new site! Did I migrate to the new doctype?]]></Value>
      </oldText>
    </Properties>
  </Content>
  <Content Key="8161a688-bb9f-459f-8d68-b6b0fd7556e9" Id="1137" Name="Public Access Test" Level="1" AvailableCultures="en-GB">
    <Info>
      <Parent Key="00000000-0000-0000-0000-000000000000"></Parent>
      <Trashed>false</Trashed>
      <ContentType>migratorTest</ContentType>
      <CreateDate>2023-02-21T11:29:49</CreateDate>
      <NodeName Default="Public Access Test" />
      <SortOrder>4</SortOrder>
      <Published Default="true" />
      <Schedule />
      <Template />
      <PublicAccess LoginNode="5657009a-fe15-44ac-a98d-fdd7ffe394cf" NoAccessNode="abd58ca0-c700-47f3-b7ab-6672583572ce">
        <Rule Type="MemberRole">Another Group</Rule>
        <Rule Type="MemberRole">Default Group</Rule>
      </PublicAccess>
    </Info>
    <Properties>
      <blockList PropertyEditorAlias="Umbraco.BlockList">
        <Value><![CDATA[]]></Value>
      </blockList>
      <contentPicker PropertyEditorAlias="Umbraco.ContentPicker">
        <Value><![CDATA[]]></Value>
      </contentPicker>
      <cultureTest PropertyEditorAlias="Umbraco.TextBox">
        <Value><![CDATA[]]></Value>
      </cultureTest>
      <cultureTest2 PropertyEditorAlias="Umbraco.TextBox">
        <Value><![CDATA[]]></Value>
      </cultureTest2>
      <datePicker PropertyEditorAlias="Umbraco.DateTime">
        <Value><![CDATA[]]></Value>
      </datePicker>
      <datePickerWithTime PropertyEditorAlias="Umbraco.DateTime">
        <Value><![CDATA[]]></Value>
      </datePickerWithTime>
      <mediaPicker PropertyEditorAlias="Umbraco.MediaPicker3">
        <Value><![CDATA[[]]]></Value>
      </mediaPicker>
      <mediaPickerLegacy PropertyEditorAlias="Umbraco.MediaPicker">
        <Value><![CDATA[]]></Value>
      </mediaPickerLegacy>
      <memberGroupPicker PropertyEditorAlias="Umbraco.MemberGroupPicker">
        <Value><![CDATA[]]></Value>
      </memberGroupPicker>
      <memberPicker PropertyEditorAlias="Umbraco.MemberPicker">
        <Value><![CDATA[]]></Value>
      </memberPicker>
      <multinodeTreePicker PropertyEditorAlias="Umbraco.MultiNodeTreePicker">
        <Value><![CDATA[]]></Value>
      </multinodeTreePicker>
      <multinodeTreePickerMedia PropertyEditorAlias="Umbraco.MultiNodeTreePicker">
        <Value><![CDATA[]]></Value>
      </multinodeTreePickerMedia>
      <multinodeTreePickerSingle PropertyEditorAlias="Umbraco.MultiNodeTreePicker">
        <Value><![CDATA[]]></Value>
      </multinodeTreePickerSingle>
      <multipleMediaPicker PropertyEditorAlias="Umbraco.MediaPicker3">
        <Value><![CDATA[[]]]></Value>
      </multipleMediaPicker>
      <multipleMediaPickerLegacy PropertyEditorAlias="Umbraco.MediaPicker">
        <Value><![CDATA[]]></Value>
      </multipleMediaPickerLegacy>
      <multiURLPicker PropertyEditorAlias="Umbraco.MultiUrlPicker">
        <Value><![CDATA[]]></Value>
      </multiURLPicker>
      <nestedContent PropertyEditorAlias="Umbraco.NestedContent">
        <Value><![CDATA[]]></Value>
      </nestedContent>
      <oldCultureProperty PropertyEditorAlias="Umbraco.TextBox">
        <Value><![CDATA[]]></Value>
      </oldCultureProperty>
      <oldRenamedPropertyTest PropertyEditorAlias="Umbraco.TextBox">
        <Value><![CDATA[]]></Value>
      </oldRenamedPropertyTest>
      <richText PropertyEditorAlias="Umbraco.TinyMCE">
        <Value><![CDATA[]]></Value>
      </richText>
      <singleURLPicker PropertyEditorAlias="Umbraco.MultiUrlPicker">
        <Value><![CDATA[]]></Value>
      </singleURLPicker>
      <updatedMediaPicker PropertyEditorAlias="Umbraco.MediaPicker">
        <Value><![CDATA[]]></Value>
      </updatedMediaPicker>
      <userPicker PropertyEditorAlias="Umbraco.UserPicker">
        <Value><![CDATA[]]></Value>
      </userPicker>
    </Properties>
  </Content>
  <Content Key="1aee817d-165f-41f6-a3ed-c7ee3459d3d6" Id="1140" Name="Public Access Test 2" Level="1" AvailableCultures="en-GB">
    <Info>
      <Parent Key="00000000-0000-0000-0000-000000000000"></Parent>
      <Trashed>false</Trashed>
      <ContentType>migratorTest</ContentType>
      <CreateDate>2023-02-21T11:33:38</CreateDate>
      <NodeName Default="Public Access Test 2" />
      <SortOrder>5</SortOrder>
      <Published Default="true" />
      <Schedule />
      <Template />
      <PublicAccess LoginNode="5657009a-fe15-44ac-a98d-fdd7ffe394cf" NoAccessNode="abd58ca0-c700-47f3-b7ab-6672583572ce">
        <Rule Type="MemberUsername">support@method4.co.uk</Rule>
      </PublicAccess>
    </Info>
    <Properties>
      <blockList PropertyEditorAlias="Umbraco.BlockList">
        <Value><![CDATA[]]></Value>
      </blockList>
      <contentPicker PropertyEditorAlias="Umbraco.ContentPicker">
        <Value><![CDATA[]]></Value>
      </contentPicker>
      <cultureTest PropertyEditorAlias="Umbraco.TextBox">
        <Value><![CDATA[]]></Value>
      </cultureTest>
      <cultureTest2 PropertyEditorAlias="Umbraco.TextBox">
        <Value><![CDATA[]]></Value>
      </cultureTest2>
      <datePicker PropertyEditorAlias="Umbraco.DateTime">
        <Value><![CDATA[]]></Value>
      </datePicker>
      <datePickerWithTime PropertyEditorAlias="Umbraco.DateTime">
        <Value><![CDATA[]]></Value>
      </datePickerWithTime>
      <mediaPicker PropertyEditorAlias="Umbraco.MediaPicker3">
        <Value><![CDATA[[]]]></Value>
      </mediaPicker>
      <mediaPickerLegacy PropertyEditorAlias="Umbraco.MediaPicker">
        <Value><![CDATA[]]></Value>
      </mediaPickerLegacy>
      <memberGroupPicker PropertyEditorAlias="Umbraco.MemberGroupPicker">
        <Value><![CDATA[]]></Value>
      </memberGroupPicker>
      <memberPicker PropertyEditorAlias="Umbraco.MemberPicker">
        <Value><![CDATA[]]></Value>
      </memberPicker>
      <multinodeTreePicker PropertyEditorAlias="Umbraco.MultiNodeTreePicker">
        <Value><![CDATA[]]></Value>
      </multinodeTreePicker>
      <multinodeTreePickerMedia PropertyEditorAlias="Umbraco.MultiNodeTreePicker">
        <Value><![CDATA[]]></Value>
      </multinodeTreePickerMedia>
      <multinodeTreePickerSingle PropertyEditorAlias="Umbraco.MultiNodeTreePicker">
        <Value><![CDATA[]]></Value>
      </multinodeTreePickerSingle>
      <multipleMediaPicker PropertyEditorAlias="Umbraco.MediaPicker3">
        <Value><![CDATA[[]]]></Value>
      </multipleMediaPicker>
      <multipleMediaPickerLegacy PropertyEditorAlias="Umbraco.MediaPicker">
        <Value><![CDATA[]]></Value>
      </multipleMediaPickerLegacy>
      <multiURLPicker PropertyEditorAlias="Umbraco.MultiUrlPicker">
        <Value><![CDATA[]]></Value>
      </multiURLPicker>
      <nestedContent PropertyEditorAlias="Umbraco.NestedContent">
        <Value><![CDATA[]]></Value>
      </nestedContent>
      <oldCultureProperty PropertyEditorAlias="Umbraco.TextBox">
        <Value><![CDATA[]]></Value>
      </oldCultureProperty>
      <oldRenamedPropertyTest PropertyEditorAlias="Umbraco.TextBox">
        <Value><![CDATA[]]></Value>
      </oldRenamedPropertyTest>
      <richText PropertyEditorAlias="Umbraco.TinyMCE">
        <Value><![CDATA[]]></Value>
      </richText>
      <singleURLPicker PropertyEditorAlias="Umbraco.MultiUrlPicker">
        <Value><![CDATA[]]></Value>
      </singleURLPicker>
      <updatedMediaPicker PropertyEditorAlias="Umbraco.MediaPicker">
        <Value><![CDATA[]]></Value>
      </updatedMediaPicker>
      <userPicker PropertyEditorAlias="Umbraco.UserPicker">
        <Value><![CDATA[]]></Value>
      </userPicker>
    </Properties>
  </Content>
  <Content Key="6a4fd592-ab56-4dcd-94d0-c0b6ed66fee8" Id="1143" Name="Variant Test" Level="1" AvailableCultures="en-gb,cy-gb">
    <Info>
      <Parent Key="00000000-0000-0000-0000-000000000000"></Parent>
      <Trashed>false</Trashed>
      <ContentType>migratorVariantTest</ContentType>
      <CreateDate>2023-04-03T15:24:07</CreateDate>
      <NodeName Default="Variant Test">
        <Name Culture="cy-gb">Prawf Amrywiad</Name>
        <Name Culture="en-gb">Variant Test</Name>
      </NodeName>
      <SortOrder>6</SortOrder>
      <Published Default="true">
        <Published Culture="cy-gb">true</Published>
        <Published Culture="en-gb">true</Published>
      </Published>
      <Schedule />
      <Template />
      <PublicAccess />
    </Info>
    <Properties>
      <emptyValue PropertyEditorAlias="Umbraco.TextBox">
        <Value><![CDATA[]]></Value>
      </emptyValue>
      <noVaryByCulture PropertyEditorAlias="Umbraco.TextBox">
        <Value><![CDATA[I don't vary by culture... :(]]></Value>
      </noVaryByCulture>
      <onlyCY PropertyEditorAlias="Umbraco.TextBox">
        <Value Culture="cy-gb"><![CDATA[Rwy dim ond cael gwerth mewn CY]]></Value>
      </onlyCY>
      <onlyEN PropertyEditorAlias="Umbraco.TextBox">
        <Value Culture="en-gb"><![CDATA[I only have a value in EN]]></Value>
      </onlyEN>
      <textstring PropertyEditorAlias="Umbraco.TextBox">
        <Value Culture="cy-gb"><![CDATA[Prawf]]></Value>
        <Value Culture="en-gb"><![CDATA[Test]]></Value>
      </textstring>
    </Properties>
  </Content>
</ContentNodes>