﻿<?xml version="1.0" encoding="utf-8"?>
<MediaNodes>
  <Media Key="9bae5a55-05d4-46a9-b2b3-f1ddb9a2bc38" Id="1104" Name="Sample Images" Level="1" AvailableCultures="en-GB">
    <Info>
      <Parent Key="00000000-0000-0000-0000-000000000000"></Parent>
      <Trashed>false</Trashed>
      <ContentType>Folder</ContentType>
      <CreateDate>2023-01-05T13:32:19</CreateDate>
      <NodeName Default="Sample Images" />
      <SortOrder>0</SortOrder>
    </Info>
    <Properties />
  </Media>
  <Media Key="3c6c415c-35a0-4629-891e-683506250c31" Id="1105" Name="Chairs lamps" Level="2" AvailableCultures="en-GB">
    <Info>
      <Parent Key="9bae5a55-05d4-46a9-b2b3-f1ddb9a2bc38">Sample Images</Parent>
      <Trashed>false</Trashed>
      <ContentType>Image</ContentType>
      <CreateDate>2023-01-05T13:32:19</CreateDate>
      <NodeName Default="Chairs lamps" />
      <SortOrder>0</SortOrder>
    </Info>
    <Properties>
      <umbracoBytes PropertyEditorAlias="Umbraco.Label">
        <Value><![CDATA[1977481]]></Value>
      </umbracoBytes>
      <umbracoExtension PropertyEditorAlias="Umbraco.Label">
        <Value><![CDATA[jpg]]></Value>
      </umbracoExtension>
      <umbracoFile PropertyEditorAlias="Umbraco.ImageCropper">
        <Value><![CDATA[{"src":"/media/ljahypfa/chairs-lamps.jpg","focalPoint":null,"crops":null}]]></Value>
      </umbracoFile>
      <umbracoHeight PropertyEditorAlias="Umbraco.Label">
        <Value><![CDATA[1280]]></Value>
      </umbracoHeight>
      <umbracoWidth PropertyEditorAlias="Umbraco.Label">
        <Value><![CDATA[1920]]></Value>
      </umbracoWidth>
    </Properties>
  </Media>
  <Media Key="5598b628-b390-4532-8bb5-dab06089e9d7" Id="1106" Name="Bluetooth white keyboard" Level="2" AvailableCultures="en-GB">
    <Info>
      <Parent Key="9bae5a55-05d4-46a9-b2b3-f1ddb9a2bc38">Sample Images</Parent>
      <Trashed>false</Trashed>
      <ContentType>Image</ContentType>
      <CreateDate>2023-01-05T13:32:19</CreateDate>
      <NodeName Default="Bluetooth white keyboard" />
      <SortOrder>1</SortOrder>
    </Info>
    <Properties>
      <umbracoBytes PropertyEditorAlias="Umbraco.Label">
        <Value><![CDATA[1389538]]></Value>
      </umbracoBytes>
      <umbracoExtension PropertyEditorAlias="Umbraco.Label">
        <Value><![CDATA[jpg]]></Value>
      </umbracoExtension>
      <umbracoFile PropertyEditorAlias="Umbraco.ImageCropper">
        <Value><![CDATA[{"src":"/media/f01jqvmq/bluetooth-white-keyboard.jpg","focalPoint":null,"crops":null}]]></Value>
      </umbracoFile>
      <umbracoHeight PropertyEditorAlias="Umbraco.Label">
        <Value><![CDATA[1280]]></Value>
      </umbracoHeight>
      <umbracoWidth PropertyEditorAlias="Umbraco.Label">
        <Value><![CDATA[1920]]></Value>
      </umbracoWidth>
    </Properties>
  </Media>
  <Media Key="bbf2800f-1cc5-4ea9-8d2e-b33ff1d5efbe" Id="1107" Name="Phone pen binder" Level="2" AvailableCultures="en-GB">
    <Info>
      <Parent Key="9bae5a55-05d4-46a9-b2b3-f1ddb9a2bc38">Sample Images</Parent>
      <Trashed>false</Trashed>
      <ContentType>Image</ContentType>
      <CreateDate>2023-01-05T13:32:19</CreateDate>
      <NodeName Default="Phone pen binder" />
      <SortOrder>2</SortOrder>
    </Info>
    <Properties>
      <umbracoBytes PropertyEditorAlias="Umbraco.Label">
        <Value><![CDATA[1333058]]></Value>
      </umbracoBytes>
      <umbracoExtension PropertyEditorAlias="Umbraco.Label">
        <Value><![CDATA[jpg]]></Value>
      </umbracoExtension>
      <umbracoFile PropertyEditorAlias="Umbraco.ImageCropper">
        <Value><![CDATA[{"src":"/media/bgapfo4f/phone-pen-binder.jpg","focalPoint":null,"crops":null}]]></Value>
      </umbracoFile>
      <umbracoHeight PropertyEditorAlias="Umbraco.Label">
        <Value><![CDATA[1280]]></Value>
      </umbracoHeight>
      <umbracoWidth PropertyEditorAlias="Umbraco.Label">
        <Value><![CDATA[1920]]></Value>
      </umbracoWidth>
    </Properties>
  </Media>
  <Media Key="48239f24-1450-49da-9964-934f512dde48" Id="1108" Name="Triangle table chairs" Level="2" AvailableCultures="en-GB">
    <Info>
      <Parent Key="9bae5a55-05d4-46a9-b2b3-f1ddb9a2bc38">Sample Images</Parent>
      <Trashed>false</Trashed>
      <ContentType>Image</ContentType>
      <CreateDate>2023-01-05T13:32:20</CreateDate>
      <NodeName Default="Triangle table chairs" />
      <SortOrder>3</SortOrder>
    </Info>
    <Properties>
      <umbracoBytes PropertyEditorAlias="Umbraco.Label">
        <Value><![CDATA[2018826]]></Value>
      </umbracoBytes>
      <umbracoExtension PropertyEditorAlias="Umbraco.Label">
        <Value><![CDATA[jpg]]></Value>
      </umbracoExtension>
      <umbracoFile PropertyEditorAlias="Umbraco.ImageCropper">
        <Value><![CDATA[{"src":"/media/ekpdgscq/triangle-table-chairs.jpg","focalPoint":null,"crops":null}]]></Value>
      </umbracoFile>
      <umbracoHeight PropertyEditorAlias="Umbraco.Label">
        <Value><![CDATA[1280]]></Value>
      </umbracoHeight>
      <umbracoWidth PropertyEditorAlias="Umbraco.Label">
        <Value><![CDATA[1920]]></Value>
      </umbracoWidth>
    </Properties>
  </Media>
  <Media Key="167ee715-53ff-4a8b-ab50-7d630c8448fa" Id="1109" Name="Community front row" Level="2" AvailableCultures="en-GB">
    <Info>
      <Parent Key="9bae5a55-05d4-46a9-b2b3-f1ddb9a2bc38">Sample Images</Parent>
      <Trashed>false</Trashed>
      <ContentType>Image</ContentType>
      <CreateDate>2023-01-05T13:32:20</CreateDate>
      <NodeName Default="Community front row" />
      <SortOrder>4</SortOrder>
    </Info>
    <Properties>
      <umbracoBytes PropertyEditorAlias="Umbraco.Label">
        <Value><![CDATA[1963138]]></Value>
      </umbracoBytes>
      <umbracoExtension PropertyEditorAlias="Umbraco.Label">
        <Value><![CDATA[jpg]]></Value>
      </umbracoExtension>
      <umbracoFile PropertyEditorAlias="Umbraco.ImageCropper">
        <Value><![CDATA[{"src":"/media/cpth2fx5/community-front-row.jpg","focalPoint":null,"crops":null}]]></Value>
      </umbracoFile>
      <umbracoHeight PropertyEditorAlias="Umbraco.Label">
        <Value><![CDATA[1280]]></Value>
      </umbracoHeight>
      <umbracoWidth PropertyEditorAlias="Umbraco.Label">
        <Value><![CDATA[1920]]></Value>
      </umbracoWidth>
    </Properties>
  </Media>
  <Media Key="b5279cc9-c438-4b14-a57a-72f97f5527f7" Id="1110" Name="Skrift at codegarden" Level="2" AvailableCultures="en-GB">
    <Info>
      <Parent Key="9bae5a55-05d4-46a9-b2b3-f1ddb9a2bc38">Sample Images</Parent>
      <Trashed>false</Trashed>
      <ContentType>Image</ContentType>
      <CreateDate>2023-01-05T13:32:20</CreateDate>
      <NodeName Default="Skrift at codegarden" />
      <SortOrder>5</SortOrder>
    </Info>
    <Properties>
      <umbracoBytes PropertyEditorAlias="Umbraco.Label">
        <Value><![CDATA[2322000]]></Value>
      </umbracoBytes>
      <umbracoExtension PropertyEditorAlias="Umbraco.Label">
        <Value><![CDATA[jpg]]></Value>
      </umbracoExtension>
      <umbracoFile PropertyEditorAlias="Umbraco.ImageCropper">
        <Value><![CDATA[{"src":"/media/z4ocpnjy/skrift-at-codegarden.jpg","focalPoint":null,"crops":null}]]></Value>
      </umbracoFile>
      <umbracoHeight PropertyEditorAlias="Umbraco.Label">
        <Value><![CDATA[1280]]></Value>
      </umbracoHeight>
      <umbracoWidth PropertyEditorAlias="Umbraco.Label">
        <Value><![CDATA[1920]]></Value>
      </umbracoWidth>
    </Properties>
  </Media>
  <Media Key="a61578a3-11bb-4425-9fe1-86a89434e638" Id="1111" Name="Meetup organizers at codegarden" Level="2" AvailableCultures="en-GB">
    <Info>
      <Parent Key="9bae5a55-05d4-46a9-b2b3-f1ddb9a2bc38">Sample Images</Parent>
      <Trashed>false</Trashed>
      <ContentType>Image</ContentType>
      <CreateDate>2023-01-05T13:32:21</CreateDate>
      <NodeName Default="Meetup organizers at codegarden" />
      <SortOrder>6</SortOrder>
    </Info>
    <Properties>
      <umbracoBytes PropertyEditorAlias="Umbraco.Label">
        <Value><![CDATA[2374700]]></Value>
      </umbracoBytes>
      <umbracoExtension PropertyEditorAlias="Umbraco.Label">
        <Value><![CDATA[jpg]]></Value>
      </umbracoExtension>
      <umbracoFile PropertyEditorAlias="Umbraco.ImageCropper">
        <Value><![CDATA[{"src":"/media/uv2bljv1/meetup-organizers-at-codegarden.jpg","focalPoint":null,"crops":null}]]></Value>
      </umbracoFile>
      <umbracoHeight PropertyEditorAlias="Umbraco.Label">
        <Value><![CDATA[1280]]></Value>
      </umbracoHeight>
      <umbracoWidth PropertyEditorAlias="Umbraco.Label">
        <Value><![CDATA[1920]]></Value>
      </umbracoWidth>
    </Properties>
  </Media>
  <Media Key="da20812c-977d-4707-80d9-f2b1cb185ff1" Id="1112" Name="Umbracoffee codegarden" Level="2" AvailableCultures="en-GB">
    <Info>
      <Parent Key="9bae5a55-05d4-46a9-b2b3-f1ddb9a2bc38">Sample Images</Parent>
      <Trashed>false</Trashed>
      <ContentType>Image</ContentType>
      <CreateDate>2023-01-05T13:32:21</CreateDate>
      <NodeName Default="Umbracoffee codegarden" />
      <SortOrder>7</SortOrder>
    </Info>
    <Properties>
      <umbracoBytes PropertyEditorAlias="Umbraco.Label">
        <Value><![CDATA[2325397]]></Value>
      </umbracoBytes>
      <umbracoExtension PropertyEditorAlias="Umbraco.Label">
        <Value><![CDATA[jpg]]></Value>
      </umbracoExtension>
      <umbracoFile PropertyEditorAlias="Umbraco.ImageCropper">
        <Value><![CDATA[{"src":"/media/fkadbwt3/umbracoffee-codegarden.jpg","focalPoint":null,"crops":null}]]></Value>
      </umbracoFile>
      <umbracoHeight PropertyEditorAlias="Umbraco.Label">
        <Value><![CDATA[1280]]></Value>
      </umbracoHeight>
      <umbracoWidth PropertyEditorAlias="Umbraco.Label">
        <Value><![CDATA[1920]]></Value>
      </umbracoWidth>
    </Properties>
  </Media>
  <Media Key="0521b485-98b6-409d-ad35-8745f3e4287c" Id="1113" Name="Codegarden keynote" Level="2" AvailableCultures="en-GB">
    <Info>
      <Parent Key="9bae5a55-05d4-46a9-b2b3-f1ddb9a2bc38">Sample Images</Parent>
      <Trashed>false</Trashed>
      <ContentType>Image</ContentType>
      <CreateDate>2023-01-05T13:32:21</CreateDate>
      <NodeName Default="Codegarden keynote" />
      <SortOrder>8</SortOrder>
    </Info>
    <Properties>
      <umbracoBytes PropertyEditorAlias="Umbraco.Label">
        <Value><![CDATA[2734715]]></Value>
      </umbracoBytes>
      <umbracoExtension PropertyEditorAlias="Umbraco.Label">
        <Value><![CDATA[jpg]]></Value>
      </umbracoExtension>
      <umbracoFile PropertyEditorAlias="Umbraco.ImageCropper">
        <Value><![CDATA[{"src":"/media/qo0ccbnw/codegarden-keynote.jpg","focalPoint":null,"crops":null}]]></Value>
      </umbracoFile>
      <umbracoHeight PropertyEditorAlias="Umbraco.Label">
        <Value><![CDATA[1172]]></Value>
      </umbracoHeight>
      <umbracoWidth PropertyEditorAlias="Umbraco.Label">
        <Value><![CDATA[1920]]></Value>
      </umbracoWidth>
    </Properties>
  </Media>
  <Media Key="8ac2c7bc-0acb-488e-a4e6-24d9ea5bdff7" Id="1114" Name="Friendly chair" Level="2" AvailableCultures="en-GB">
    <Info>
      <Parent Key="9bae5a55-05d4-46a9-b2b3-f1ddb9a2bc38">Sample Images</Parent>
      <Trashed>false</Trashed>
      <ContentType>Image</ContentType>
      <CreateDate>2023-01-05T13:32:21</CreateDate>
      <NodeName Default="Friendly chair" />
      <SortOrder>9</SortOrder>
    </Info>
    <Properties>
      <umbracoBytes PropertyEditorAlias="Umbraco.Label">
        <Value><![CDATA[1649646]]></Value>
      </umbracoBytes>
      <umbracoExtension PropertyEditorAlias="Umbraco.Label">
        <Value><![CDATA[jpg]]></Value>
      </umbracoExtension>
      <umbracoFile PropertyEditorAlias="Umbraco.ImageCropper">
        <Value><![CDATA[{"src":"/media/xldnfcwl/friendly-chair.jpg","focalPoint":null,"crops":null}]]></Value>
      </umbracoFile>
      <umbracoHeight PropertyEditorAlias="Umbraco.Label">
        <Value><![CDATA[1280]]></Value>
      </umbracoHeight>
      <umbracoWidth PropertyEditorAlias="Umbraco.Label">
        <Value><![CDATA[1920]]></Value>
      </umbracoWidth>
    </Properties>
  </Media>
  <Media Key="13e63ebb-2f82-4e65-84f0-e3b79241a971" Id="1115" Name="Say cheese" Level="2" AvailableCultures="en-GB">
    <Info>
      <Parent Key="9bae5a55-05d4-46a9-b2b3-f1ddb9a2bc38">Sample Images</Parent>
      <Trashed>false</Trashed>
      <ContentType>Image</ContentType>
      <CreateDate>2023-01-05T13:32:22</CreateDate>
      <NodeName Default="Say cheese" />
      <SortOrder>10</SortOrder>
    </Info>
    <Properties>
      <umbracoBytes PropertyEditorAlias="Umbraco.Label">
        <Value><![CDATA[2316384]]></Value>
      </umbracoBytes>
      <umbracoExtension PropertyEditorAlias="Umbraco.Label">
        <Value><![CDATA[jpg]]></Value>
      </umbracoExtension>
      <umbracoFile PropertyEditorAlias="Umbraco.ImageCropper">
        <Value><![CDATA[{"src":"/media/xu5ome2c/say-cheese.jpg","focalPoint":null,"crops":null}]]></Value>
      </umbracoFile>
      <umbracoHeight PropertyEditorAlias="Umbraco.Label">
        <Value><![CDATA[1322]]></Value>
      </umbracoHeight>
      <umbracoWidth PropertyEditorAlias="Umbraco.Label">
        <Value><![CDATA[1920]]></Value>
      </umbracoWidth>
    </Properties>
  </Media>
  <Media Key="dd3840b3-8621-451b-9ee9-01f6ad175ec7" Id="1116" Name="Front row audience smiles" Level="2" AvailableCultures="en-GB">
    <Info>
      <Parent Key="9bae5a55-05d4-46a9-b2b3-f1ddb9a2bc38">Sample Images</Parent>
      <Trashed>false</Trashed>
      <ContentType>Image</ContentType>
      <CreateDate>2023-01-05T13:32:22</CreateDate>
      <NodeName Default="Front row audience smiles" />
      <SortOrder>11</SortOrder>
    </Info>
    <Properties>
      <umbracoBytes PropertyEditorAlias="Umbraco.Label">
        <Value><![CDATA[2187213]]></Value>
      </umbracoBytes>
      <umbracoExtension PropertyEditorAlias="Umbraco.Label">
        <Value><![CDATA[jpg]]></Value>
      </umbracoExtension>
      <umbracoFile PropertyEditorAlias="Umbraco.ImageCropper">
        <Value><![CDATA[{"src":"/media/wvadrxjb/front-row-audience-smiles.jpg","focalPoint":null,"crops":null}]]></Value>
      </umbracoFile>
      <umbracoHeight PropertyEditorAlias="Umbraco.Label">
        <Value><![CDATA[1254]]></Value>
      </umbracoHeight>
      <umbracoWidth PropertyEditorAlias="Umbraco.Label">
        <Value><![CDATA[1920]]></Value>
      </umbracoWidth>
    </Properties>
  </Media>
  <Media Key="db22bb69-b0ae-44bb-9019-a3e6498d4c25" Id="1117" Name="First timers at codegarden" Level="2" AvailableCultures="en-GB">
    <Info>
      <Parent Key="9bae5a55-05d4-46a9-b2b3-f1ddb9a2bc38">Sample Images</Parent>
      <Trashed>false</Trashed>
      <ContentType>Image</ContentType>
      <CreateDate>2023-01-05T13:32:22</CreateDate>
      <NodeName Default="First timers at codegarden" />
      <SortOrder>12</SortOrder>
    </Info>
    <Properties>
      <umbracoBytes PropertyEditorAlias="Umbraco.Label">
        <Value><![CDATA[2624167]]></Value>
      </umbracoBytes>
      <umbracoExtension PropertyEditorAlias="Umbraco.Label">
        <Value><![CDATA[jpg]]></Value>
      </umbracoExtension>
      <umbracoFile PropertyEditorAlias="Umbraco.ImageCropper">
        <Value><![CDATA[{"src":"/media/n43dfw3o/first-timers-at-codegarden.jpg","focalPoint":null,"crops":null}]]></Value>
      </umbracoFile>
      <umbracoHeight PropertyEditorAlias="Umbraco.Label">
        <Value><![CDATA[1066]]></Value>
      </umbracoHeight>
      <umbracoWidth PropertyEditorAlias="Umbraco.Label">
        <Value><![CDATA[1920]]></Value>
      </umbracoWidth>
    </Properties>
  </Media>
  <Media Key="4281aa58-15c6-41a9-b074-33f40fd09ea9" Id="1118" Name="24 days people at codegarden" Level="2" AvailableCultures="en-GB">
    <Info>
      <Parent Key="9bae5a55-05d4-46a9-b2b3-f1ddb9a2bc38">Sample Images</Parent>
      <Trashed>false</Trashed>
      <ContentType>Image</ContentType>
      <CreateDate>2023-01-05T13:32:22</CreateDate>
      <NodeName Default="24 days people at codegarden" />
      <SortOrder>13</SortOrder>
    </Info>
    <Properties>
      <umbracoBytes PropertyEditorAlias="Umbraco.Label">
        <Value><![CDATA[2530593]]></Value>
      </umbracoBytes>
      <umbracoExtension PropertyEditorAlias="Umbraco.Label">
        <Value><![CDATA[jpg]]></Value>
      </umbracoExtension>
      <umbracoFile PropertyEditorAlias="Umbraco.ImageCropper">
        <Value><![CDATA[{"src":"/media/l0vicqwg/24-days-people-at-codegarden.jpg","focalPoint":null,"crops":null}]]></Value>
      </umbracoFile>
      <umbracoHeight PropertyEditorAlias="Umbraco.Label">
        <Value><![CDATA[1280]]></Value>
      </umbracoHeight>
      <umbracoWidth PropertyEditorAlias="Umbraco.Label">
        <Value><![CDATA[1920]]></Value>
      </umbracoWidth>
    </Properties>
  </Media>
  <Media Key="861ac5a3-aca5-4db8-85f2-a7ad05e0de30" Id="1119" Name="Desktop notebook glasses" Level="2" AvailableCultures="en-GB">
    <Info>
      <Parent Key="9bae5a55-05d4-46a9-b2b3-f1ddb9a2bc38">Sample Images</Parent>
      <Trashed>false</Trashed>
      <ContentType>Image</ContentType>
      <CreateDate>2023-01-05T13:32:22</CreateDate>
      <NodeName Default="Desktop notebook glasses" />
      <SortOrder>14</SortOrder>
    </Info>
    <Properties>
      <umbracoBytes PropertyEditorAlias="Umbraco.Label">
        <Value><![CDATA[2134271]]></Value>
      </umbracoBytes>
      <umbracoExtension PropertyEditorAlias="Umbraco.Label">
        <Value><![CDATA[jpg]]></Value>
      </umbracoExtension>
      <umbracoFile PropertyEditorAlias="Umbraco.ImageCropper">
        <Value><![CDATA[{"src":"/media/uxcbvbvf/desktop-notebook-glasses.jpg","focalPoint":null,"crops":null}]]></Value>
      </umbracoFile>
      <umbracoHeight PropertyEditorAlias="Umbraco.Label">
        <Value><![CDATA[1248]]></Value>
      </umbracoHeight>
      <umbracoWidth PropertyEditorAlias="Umbraco.Label">
        <Value><![CDATA[1920]]></Value>
      </umbracoWidth>
    </Properties>
  </Media>
  <Media Key="cc86bc2c-102d-4011-a3ba-df9244d07ca7" Id="1121" Name="Umbraco Rocket" Level="2" AvailableCultures="en-GB">
    <Info>
      <Parent Key="9bae5a55-05d4-46a9-b2b3-f1ddb9a2bc38">Sample Images</Parent>
      <Trashed>false</Trashed>
      <ContentType>Image</ContentType>
      <CreateDate>2023-01-09T16:48:14</CreateDate>
      <NodeName Default="Umbraco Rocket" />
      <SortOrder>15</SortOrder>
    </Info>
    <Properties>
      <umbracoBytes PropertyEditorAlias="Umbraco.Label">
        <Value><![CDATA[56977]]></Value>
      </umbracoBytes>
      <umbracoExtension PropertyEditorAlias="Umbraco.Label">
        <Value><![CDATA[png]]></Value>
      </umbracoExtension>
      <umbracoFile PropertyEditorAlias="Umbraco.ImageCropper">
        <Value><![CDATA[{"src":"/media/fk4intbn/umbraco-rocket.png"}]]></Value>
      </umbracoFile>
      <umbracoHeight PropertyEditorAlias="Umbraco.Label">
        <Value><![CDATA[362]]></Value>
      </umbracoHeight>
      <umbracoWidth PropertyEditorAlias="Umbraco.Label">
        <Value><![CDATA[322]]></Value>
      </umbracoWidth>
    </Properties>
  </Media>
  <Media Key="b010a237-6066-45c2-9799-d2cb16285e62" Id="1144" Name="Sample Folder" Level="1" AvailableCultures="en-GB">
    <Info>
      <Parent Key="00000000-0000-0000-0000-000000000000"></Parent>
      <Trashed>false</Trashed>
      <ContentType>Folder</ContentType>
      <CreateDate>2023-04-03T19:03:32</CreateDate>
      <NodeName Default="Sample Folder" />
      <SortOrder>1</SortOrder>
    </Info>
    <Properties />
  </Media>
  <Media Key="06fd0411-557a-408a-9fb1-062ff6f8dbc8" Id="1145" Name="Umbracymru Map Logo 4" Level="2" AvailableCultures="en-GB">
    <Info>
      <Parent Key="b010a237-6066-45c2-9799-d2cb16285e62">Sample Folder</Parent>
      <Trashed>false</Trashed>
      <ContentType>Image</ContentType>
      <CreateDate>2023-04-03T19:04:39</CreateDate>
      <NodeName Default="Umbracymru Map Logo 4" />
      <SortOrder>0</SortOrder>
    </Info>
    <Properties>
      <umbracoBytes PropertyEditorAlias="Umbraco.Label">
        <Value><![CDATA[68697]]></Value>
      </umbracoBytes>
      <umbracoExtension PropertyEditorAlias="Umbraco.Label">
        <Value><![CDATA[png]]></Value>
      </umbracoExtension>
      <umbracoFile PropertyEditorAlias="Umbraco.ImageCropper">
        <Value><![CDATA[{"src":"/media/c2cp0bt0/umbracymru-map-logo-4.png"}]]></Value>
      </umbracoFile>
      <umbracoHeight PropertyEditorAlias="Umbraco.Label">
        <Value><![CDATA[1560]]></Value>
      </umbracoHeight>
      <umbracoWidth PropertyEditorAlias="Umbraco.Label">
        <Value><![CDATA[1560]]></Value>
      </umbracoWidth>
    </Properties>
  </Media>
</MediaNodes>